ID,Latitude,Longitude,Country,Hemi_ID
EONET_5285,32.914,-113.437,United States,0
EONET_5272,26.953,-98.088,United States,0
EONET_5268,-42.59104,-71.38468,Argentina,1
EONET_5267,37.74,-115.001,United States,0
EONET_5263,-33.387,-71.19793,Chile,1
EONET_5261,36.36024,139.44326,日本,0
EONET_5259,42.62387,-1.59117,España,0
EONET_5258,-36.82295,-72.65694,Chile,1
EONET_5246,34.328912534,-118.007215135,United States,0
EONET_5245,39.8517,3.12403,España,0
EONET_5243,32.565,-99.477,United States,0
EONET_5241,-38.20237,-72.85615,Chile,1
EONET_5242,-38.4581,-72.81995,Chile,1
EONET_5236,-31.7626,116.19596,Australia,1
EONET_5225,-34.20543,-71.65519,Chile,1
EONET_5224,-30.6978,-70.96103,Chile,1
EONET_5223,-34.88149,-70.83744,Chile,1
EONET_5220,-38.34503,-73.47985,Chile,1
EONET_5221,-37.89241,-71.63889,Chile,1
EONET_5218,37.01086,-122.04039,United States,0
EONET_5217,36.98384,-121.83875,United States,0
EONET_5212,37.13868,-122.2107,United States,0
EONET_5213,37.07553,-122.13795,United States,0
EONET_5214,37.1337,-122.29054,United States,0
EONET_5215,-37.32931,-72.81177,Chile,1
EONET_5211,37.242071677,-119.500162776,United States,0
EONET_5204,33.70115,-116.6939,United States,0
EONET_5205,35.12097,-101.69217,United States,0
EONET_5206,-36.60922,-72.95366,Chile,1
EONET_5203,-33.12257,-71.433,Chile,1
EONET_5198,-37.47497,-72.79902,Chile,1
EONET_5197,-30.96242,115.58747,Australia,1
EONET_5188,33.42001,-117.25529,United States,0
EONET_5187,34.19871,-117.46379,United States,0
EONET_5185,-33.05235,-71.61157,Chile,1
EONET_5186,-33.12022,-71.47091,Chile,1
EONET_5175,-33.00774,-71.18312,Chile,1
EONET_5176,-33.69368,-71.22488,Chile,1
EONET_5174,32.73724,-116.9272,United States,0
EONET_5170,33.740140265,-117.640758564,United States,0
EONET_5171,33.767402057,-117.055079424,United States,0
EONET_5177,33.744,-117.675,United States,0
EONET_5168,-25.33938,153.08312,Australia,1
EONET_5162,37.600131437,-112.682747893,United States,0
EONET_5163,39.46996,-119.86343,United States,0
EONET_5159,38.52867,-119.46311,United States,0
EONET_5160,38.528,-119.466,United States,0
EONET_5164,40.334,-120.115,United States,0
EONET_5158,35.381541734,-120.061260109,United States,0
EONET_5154,44.001959109,-124.051218623,United States,0
EONET_5153,43.227450629,-124.19652481,United States,0
EONET_5152,36.57732,2.43675,Algérie / ⵍⵣⵣⴰⵢⴻⵔ / الجزائر,0
EONET_5147,-36.7036,-71.89475,Chile,1
EONET_5142,44.666,-112.975,United States,0
EONET_5141,39.238977316,-121.616565331,United States,0
EONET_5136,33.91234,-117.71842,United States,0
EONET_5135,33.72346,-117.71015,United States,0
EONET_5132,33.272,-110.984,United States,0
EONET_5128,40.154,-105.382,United States,0
EONET_5127,40.153,-105.381,United States,0
EONET_5131,36.264,-105.339,United States,0
EONET_5124,38.40326501,-121.901104509,United States,0
EONET_5120,32.979208565,-113.498791012,United States,0
EONET_5122,34.00774,-117.14438,United States,0
EONET_5121,40.19387,-106.22391,United States,0
EONET_5126,34.275,-112.419,United States,0
EONET_5123,40.201,-106.234,United States,0
EONET_5118,39.258427654,-121.621073319,United States,0
EONET_5116,35.688,-100.931,United States,0
EONET_5111,51.30675,-115.16278,Canada,0
EONET_5112,31.623,-111.624,United States,0
EONET_5109,-43.50195,171.88851,New Zealand / Aotearoa,1
EONET_5108,-32.52283,-71.37083,Chile,1
EONET_5105,48.646989687,39.480200049,Україна,0
EONET_5106,46.915,-110.545,United States,0
EONET_5101,48.823428824,38.678984804,Україна,0
EONET_5095,40.45994,-122.60318,United States,0
EONET_5093,38.573150721,-122.486063551,United States,0
EONET_5089,33.915589412,-111.789869121,United States,0
EONET_5088,33.883,-111.816,United States,0
EONET_5085,39.767262777,-121.073960802,United States,0
EONET_5086,36.607,-114.062,United States,0
EONET_5076,33.86539,-116.68029,United States,0
EONET_5078,41.17102,-106.42612,United States,0
EONET_5077,42.11774,-114.22943,United States,0
EONET_5069,41.2367,-122.85579,United States,0
EONET_5066,43.20965,-122.11281,United States,0
EONET_5067,48.16688,-118.3375,United States,0
EONET_5060,47.71293,-118.35612,United States,0
EONET_5070,44.312,-115.1,United States,0
EONET_5054,39.839350286,-7.826202318,Portugal,0
EONET_5059,41.11791,-123.39508,United States,0
EONET_5055,42.105857944,-7.509362316,España,0
EONET_5049,37.841271365,-119.605436006,United States,0
EONET_5056,42.57775,-120.54991,United States,0
EONET_5061,36.1937,-118.54871,United States,0
EONET_5043,45.52145,-123.84452,United States,0
EONET_5036,37.76678,23.96402,Ελλάς,0
EONET_5033,34.299488046,-117.880651392,United States,0
EONET_5034,42.49491,-122.68729,United States,0
EONET_5032,45.1057,-122.21465,United States,0
EONET_5035,41.69797,-122.85895,United States,0
EONET_5020,39.37124,-121.32753,United States,0
EONET_5087,37.141,-119.025,United States,0
EONET_5017,45.4605,-123.24389,United States,0
EONET_5018,44.64415,-116.77837,United States,0
EONET_5019,45.01377,-123.90377,United States,0
EONET_5021,44.78641,-122.14602,United States,0
EONET_5022,45.366138604,-122.986818801,United States,0
EONET_5023,46.88251,-123.05149,United States,0
EONET_4998,48.218446822,-118.270947453,United States,0
EONET_4999,41.851314814,-123.42684426,United States,0
EONET_5000,42.227928799,-122.742197181,United States,0
EONET_5001,43.350955739,-122.834541731,United States,0
EONET_5003,39.48986,-123.39049,United States,0
EONET_5005,39.88961,-111.77318,United States,0
EONET_5004,47.91084,-119.95536,United States,0
EONET_5002,47.197243395,-122.19787815,United States,0
EONET_5006,48.12908,-119.58699,United States,0
EONET_5007,47.680183716,-117.545052067,United States,0
EONET_5026,38.954,-120.399,United States,0
EONET_4991,42.608374486,-121.908803321,United States,0
EONET_4992,44.149852157,-122.348473253,United States,0
EONET_5045,41.766,-123.375,United States,0
EONET_5014,45.926,-121.979,United States,0
EONET_5050,48.397,-116.089,United States,0
EONET_4993,40.855780823,-8.206094974,Portugal,0
EONET_5008,47.21307,-117.43577,United States,0
EONET_5029,46.453,-116.286,United States,0
EONET_5073,47.946,-116.51,United States,0
EONET_4994,40.619865222,-105.687890624,United States,0
EONET_5016,43.541,-115.173,United States,0
EONET_5042,39.937,-111.779,United States,0
EONET_4986,34.241,-117.868,United States,0
EONET_4997,40.628,-106.794,United States,0
EONET_4985,41.83497,-106.60665,United States,0
EONET_4979,32.738763631,-116.721916532,United States,0
EONET_4976,37.22187,-119.30186,United States,0
EONET_4977,45.732003266,-110.92528361,United States,0
EONET_4978,34.068932369,-116.981639623,United States,0
EONET_5114,34.053,-116.992,United States,0
EONET_4971,45.66567,-106.23785,United States,0
EONET_4995,45.72,-110.974,United States,0
EONET_4968,46.3142,-108.41234,United States,0
EONET_4970,45.716,-107.056,United States,0
EONET_4972,47.381,-106.916,United States,0
EONET_4965,46.849673063,-120.698884248,United States,0
EONET_4959,31.119,-101.376,United States,0
EONET_4958,30.86,-101.91,United States,0
EONET_4956,37.72701,-6.78226,España,0
EONET_4952,20.86075,-156.45003,United States,0
EONET_4957,32.606,-99.056,United States,0
EONET_4954,32.687,-99.15,United States,0
EONET_4950,38.568,-119.568,United States,0
EONET_4982,46.099,-112.233,United States,0
EONET_4961,33.956,-111.836,United States,0
EONET_4948,45.12807,-121.45292,United States,0
EONET_4946,31.657,-103.119,United States,0
EONET_4945,32.87,-99.47,United States,0
EONET_4941,33.45463,-110.65461,United States,0
EONET_4962,44.786,-115.476,United States,0
EONET_4984,48.14,-113.165,United States,0
EONET_4949,33.981,-111.184,United States,0
EONET_4936,38.03797,-122.82678,United States,0
EONET_4937,40.773,-120.536,United States,0
EONET_4974,45.248,-115.438,United States,0
EONET_5010,40.64,-110.452,United States,0
EONET_4931,39.81831,-121.08665,United States,0
EONET_4932,39.52808,-122.92501,United States,0
EONET_4943,32.852,-110.534,United States,0
EONET_4934,34.74,-113.214,United States,0
EONET_4935,33.662,-110.898,United States,0
EONET_4928,31.643,-102.79,United States,0
EONET_4933,45.557,-111.654,United States,0
EONET_4947,33.829,-110.69,United States,0
EONET_4967,44.389,-110.821,United States,0
EONET_5144,36.718,-118.557,United States,0
EONET_4951,33.093,-110.575,United States,0
EONET_4926,40.061,-114.415,United States,0
EONET_4921,40.611,-110.714,United States,0
EONET_5048,46.507,-114.603,United States,0
EONET_4897,40.164651466,-120.782868339,United States,0
EONET_4898,50.08573,-116.10006,Canada,0
EONET_4901,36.12778,-121.59939,United States,0
EONET_4899,33.53225,-110.92064,United States,0
EONET_4902,40.09628,-122.70095,United States,0
EONET_4900,39.66555,-122.67021,United States,0
EONET_4914,37.804,-120.294,United States,0
EONET_4907,34.042,-112.612,United States,0
EONET_4906,35.404,-101.879,United States,0
EONET_4915,33.405,-111.385,United States,0
EONET_4884,37.21565,-122.28047,United States,0
EONET_4889,38.60341,-123.03842,United States,0
EONET_4885,38.52873,-122.29922,United States,0
EONET_4887,49.41497,-119.53841,Canada,0
EONET_4888,49.47773,-119.0852,Canada,0
EONET_4938,46.591,-113.799,United States,0
EONET_4886,36.43093,-121.68527,United States,0
EONET_4905,44.883,-119.349,United States,0
EONET_4904,44.755,-119.802,United States,0
EONET_5072,46.438,-114.661,United States,0
EONET_4871,48.845070236,-119.546487749,United States,0
EONET_4924,36.161,-118.453,United States,0
EONET_4912,39.536,-122.939,United States,0
EONET_4910,33.634,-111.501,United States,0
EONET_4872,34.46741,-118.73451,United States,0
EONET_4877,39.55093,-121.49785,United States,0
EONET_4987,33.742,-109.709,United States,0
EONET_4873,46.53214,-120.55782,United States,0
EONET_4874,38.65233,-122.28957,United States,0
EONET_4875,38.54583,-122.38234,United States,0
EONET_4876,38.50778,-122.31088,United States,0
EONET_4883,41.029,-120.281,United States,0
EONET_4890,48.837,-119.575,United States,0
EONET_5100,33.561,-109.099,United States,0
EONET_4923,45.76,-115.193,United States,0
EONET_4911,35.831,-105.863,United States,0
EONET_4866,37.83803,-121.78656,United States,0
EONET_4867,39.28575,-121.09252,United States,0
EONET_4929,40.279,-120.761,United States,0
EONET_4868,36.55,-121.62833,United States,0
EONET_4881,40.274,-120.757,United States,0
EONET_4896,39.858,-120.912,United States,0
EONET_4953,49.581665,-117.696167,Canada,0
EONET_4922,44.723,-121.679,United States,0
EONET_4894,35.008,-113.879,United States,0
EONET_4895,44.467,-121.605,United States,0
EONET_4913,44.773,-121.618,United States,0
EONET_4893,33.525,-110.731,United States,0
EONET_4908,44.039,-120.528,United States,0
EONET_4864,31.719,-100.592,United States,0
EONET_4869,43.808,-117.898,United States,0
EONET_5057,48.264,-121.21,United States,0
EONET_4996,36.42,-118.448,United States,0
EONET_4927,37.882,-121.777,United States,0
EONET_4862,42.094,-120.269,United States,0
EONET_4880,46.426,-117.189,United States,0
EONET_4882,37.929,-118.983,United States,0
EONET_4863,30.34,-100.881,United States,0
EONET_4879,35.301,-115.598,United States,0
EONET_4858,39.681,-120.171,United States,0
EONET_4856,39.851,-106.065,United States,0
EONET_4853,34.157,-117.91,United States,0
EONET_4854,40.609,-105.879,United States,0
EONET_4851,45.63712,-121.35347,United States,0
EONET_4852,34.67655,-118.51918,United States,0
EONET_4859,32.388,-109.09,United States,0
EONET_4844,39.41648,-108.43983,United States,0
EONET_4855,40.818,-119.648,United States,0
EONET_4840,31.513,-98.842,United States,0
EONET_4839,34.49553,-118.4527,United States,0
EONET_4845,44.858,-113.437,United States,0
EONET_5080,37.882,-119.643,United States,0
EONET_4837,-13.18817,-73.08268,Perú,1
EONET_4838,32.959,-98.28,United States,0
EONET_4849,39.572,-107.266,United States,0
EONET_4848,31.755,-109.138,United States,0
EONET_4828,46.19257,-105.71712,United States,0
EONET_4829,34.17,-112.18,United States,0
EONET_4831,43.273,-102.711,United States,0
EONET_4825,41.452228754,-7.249427619,Portugal,0
EONET_4830,40.026,-114.406,United States,0
EONET_4836,43.456,-114.834,United States,0
EONET_4822,43.35864,5.06998,France,0
EONET_4827,43.021,-118.286,United States,0
EONET_4847,33.667,-105.629,United States,0
EONET_4818,35.450417829,-118.512933223,United States,0
EONET_4819,49.64584,-120.6395,Canada,0
EONET_4820,35.465,-118.544,United States,0
EONET_4814,39.37629,-122.54335,United States,0
EONET_4811,35.38488,-120.43495,United States,0
EONET_4813,45.69311,-108.9156,United States,0
EONET_4812,39.83384,-119.99732,United States,0
EONET_4821,41.004,-109.272,United States,0
EONET_4809,31.126,-99.049,United States,0
EONET_4815,39.833,-120.038,United States,0
EONET_4816,40.954,-114.344,United States,0
EONET_4817,33.544,-110.419,United States,0
EONET_4804,33.994909612,-116.930018335,United States,0
EONET_4960,47.991,-120.7,United States,0
EONET_4801,35.29878,-120.02498,United States,0
EONET_4800,34.75618,-118.72067,United States,0
EONET_4803,36.983,-112.11,United States,0
EONET_4802,37.362,-114.604,United States,0
EONET_4793,48.67797,-119.27911,United States,0
EONET_4790,39.85138,-7.91767,Portugal,0
EONET_4791,39.92489,-120.03201,United States,0
EONET_4792,41.05293,-120.8181,United States,0
EONET_4789,41.69635,-121.41288,United States,0
EONET_4795,41.807,-119.673,United States,0
EONET_5113,41.185,-123.433,United States,0
EONET_4786,37.81535,22.93742,Ελλάς,0
EONET_5015,37.812,-119.647,United States,0
EONET_4783,30.039,-101.082,United States,0
EONET_4782,42.50876,-120.52508,United States,0
EONET_4787,48.136,-119.038,United States,0
EONET_4784,57.4369,-96.1761,Canada,0
EONET_4781,41.416,-120.959,United States,0
EONET_4776,40.39878,-120.80296,United States,0
EONET_4777,37.96344,-121.75147,United States,0
EONET_4773,41.78394,-122.64264,United States,0
EONET_4770,40.419898812,-120.824649104,United States,0
EONET_4775,35.945,-115.446,United States,0
EONET_4771,37.31,-114.833,United States,0
EONET_4766,37.78265,-113.85919,United States,0
EONET_4774,36.331,-112.573,United States,0
EONET_4756,31.454,-99.415,United States,0
EONET_4753,36.05831,-120.52222,United States,0
EONET_4765,43.857,-107.919,United States,0
EONET_4755,31.359,-99.179,United States,0
EONET_4751,20.7713,-156.44413,United States,0
EONET_4752,32.319,-100.152,United States,0
EONET_4764,35.547,-104.467,United States,0
EONET_4763,39.804,-108.362,United States,0
EONET_4754,33.479,-110.298,United States,0
EONET_4748,31.416,-99.893,United States,0
EONET_4750,31.992,-111.145,United States,0
EONET_4746,35.744,-101.061,United States,0
EONET_4745,35.755,-101.141,United States,0
EONET_4759,31.467,-98.884,United States,0
EONET_4760,32.913,-110.136,United States,0
EONET_4747,34.477,-100.742,United States,0
EONET_4749,35.739,-101.65,United States,0
EONET_4740,20.86898,-156.36193,United States,0
EONET_4741,48.6161,39.06863,Україна,0
EONET_4742,37.163,-114.61,United States,0
EONET_4738,35.85577,-109.17233,United States,0
EONET_4733,38.880584502,-119.628385485,United States,0
EONET_4735,34.4363,-118.37784,United States,0
EONET_4734,37.03484,-121.50153,United States,0
EONET_4725,36.33259,-115.58222,United States,0
EONET_4726,39.60798,-119.8855,United States,0
EONET_4730,33.315,-108.562,United States,0
EONET_4721,38.335,-114.228,United States,0
EONET_4728,39.425,-112.347,United States,0
EONET_4720,38.268,-118.965,United States,0
EONET_4722,37.516,-115.011,United States,0
EONET_4717,38.79561,-114.98467,United States,0
EONET_4718,38.833,-114.988,United States,0
EONET_4715,33.7965,-112.23046,United States,0
EONET_4719,38.878,-119.563,United States,0
EONET_4713,35.88273,-121.11288,United States,0
EONET_4712,33.934,-112.06,United States,0
EONET_4708,37.25884,-108.21254,United States,0
EONET_4709,32.063,-100.864,United States,0
EONET_4705,38.1883,-120.6962,United States,0
EONET_4706,39.64656,-121.55502,United States,0
EONET_4707,43.116,-102.621,United States,0
EONET_4703,33.69562,-111.4525,United States,0
EONET_4710,33.57,-107.442,United States,0
EONET_4702,31.857,-99.769,United States,0
EONET_4704,37.278,-108.256,United States,0
EONET_4698,31.879,-100.695,United States,0
EONET_4700,46.482,-112.057,United States,0
EONET_4696,34.30876,-119.26458,United States,0
EONET_4695,38.65066,-121.5019,United States,0
EONET_4694,35.689,-101.709,United States,0
EONET_4693,30.653,-100.922,United States,0
EONET_4691,32.36628,-110.89804,United States,0
EONET_4685,35.54,-101.175,United States,0
EONET_4679,33.519083511,-110.344112658,United States,0
EONET_4681,38.46865,-122.00725,United States,0
EONET_4682,37.56506,-119.86556,United States,0
EONET_4680,37.044939244,-103.375644395,United States,0
EONET_4692,36.251,-112.144,United States,0
EONET_4689,33.183,-108.333,United States,0
EONET_4683,35.866,-104.274,United States,0
EONET_4687,32.5,-107.184,United States,0
EONET_4688,32.954,-108.254,United States,0
EONET_4684,33.415,-109.312,United States,0
EONET_4690,33.183,-108.25,United States,0
EONET_4686,33.385,-109.865,United States,0
EONET_4676,32.378,-110.943,United States,0
EONET_4677,32.529,-111.035,United States,0
EONET_4675,33.434,-110.358,United States,0
EONET_4674,37.18929,-121.70477,United States,0
EONET_4699,65.854,-149.579,United States,0
EONET_4673,38.29158,-122.02359,United States,0
EONET_4668,51.3867,-96.9544,Canada,0
EONET_4671,50.7983,-95.7692,Canada,0
EONET_4672,51.8147,-100.3119,Canada,0
EONET_4667,33.419,-111.301,United States,0
EONET_4663,33.84843899,-111.967738136,United States,0
EONET_4664,33.837,-111.96,United States,0
EONET_4665,33.127,-111.356,United States,0
EONET_4660,51.8903,-100.4814,Canada,0
EONET_4658,33.83744,-111.96179,United States,0
EONET_4657,51.9783,-100.1458,Canada,0
EONET_4652,26.63141747,-81.430620438,United States,0
EONET_4651,39.34,-114.53,United States,0
EONET_4649,36.522,-113.865,United States,0
EONET_4647,34.47374,-120.29266,United States,0
EONET_4646,30.545193052,-87.101741773,United States,0
EONET_4644,-33.04807,-71.60785,Chile,1
EONET_4642,-33.128845571,-71.158912827,Chile,1
EONET_4643,-30.8286,-71.25607,Chile,1
EONET_4648,52.0128,-99.6464,Canada,0
EONET_4639,51.16207,6.09734,Nederland,0
EONET_4637,-34.84119,-72.02108,Chile,1
EONET_4636,30.29,-101.5,United States,0
EONET_4632,-38.474777623,-70.750315801,Argentina,1
EONET_4630,-38.369781587,-72.813694785,Chile,1
EONET_4631,-35.322139141,-70.759704817,Chile,1
EONET_4629,-37.24866,-73.31794,Chile,1
EONET_4628,-37.485922738,-71.135262913,Chile,1
EONET_4625,27.969337579,101.447496441,中国,0
EONET_4619,-38.43346,-71.23111,Chile,1
EONET_4620,-38.23333,-72.3401,Chile,1
EONET_4618,-39.28232,-71.95129,Chile,1
EONET_4617,-35.11476,-71.28198,Chile,1
EONET_4614,-35.33684,-72.42013,Chile,1
EONET_4611,-38.440885417,-73.38841511,Chile,1
EONET_4609,-38.24858,-72.67187,Chile,1
EONET_4608,-38.440349924,-73.391492424,Chile,1
EONET_4610,-36.74467,-72.46852,Chile,1
EONET_4605,33.93066,-117.55095,United States,0
EONET_4604,-34.304746971,-70.608937502,Chile,1
EONET_4603,-34.77705,138.64294,Australia,1
EONET_4601,-38.04964,-72.59221,Chile,1
EONET_4599,27.99143,-15.57498,España,0
EONET_4600,-34.39146,-72.00735,Chile,1
EONET_4598,-38.24859,-72.67186,Chile,1
EONET_4592,-38.340547412,-72.865795451,Chile,1
EONET_4593,-40.331857479,-73.051575839,Chile,1
EONET_4594,-38.23614,-72.33244,Chile,1
EONET_4591,-37.29356,-71.95059,Chile,1
EONET_4588,-34.11688,-71.72449,Chile,1
EONET_4583,-36.97488,-72.93736,Chile,1
EONET_4581,-35.078969559,-70.989940082,Chile,1
EONET_4582,-37.690599087,-72.663116693,Chile,1
EONET_4584,-36.73282,-72.98808,Chile,1
EONET_4579,-34.50372,135.44506,Australia,1
EONET_4580,-38.85288,-71.69409,Chile,1
EONET_4576,-38.2902687,-72.744973503,Chile,1
EONET_4578,-38.16476,-72.90445,Chile,1
EONET_4577,-35.300435876,-71.043758997,Chile,1
EONET_4573,-36.56211,140.35853,Australia,1
EONET_4570,-35.75758905,148.962410853,Australia,1
EONET_4568,-38.24859,-72.67186,Chile,1
EONET_4567,-36.736232985,149.019973929,Australia,1
EONET_4566,-35.78902,137.30427,Australia,1
EONET_4564,-38.268541355,-72.876298916,Chile,1
EONET_4565,-35.32725,149.10418,Australia,1
EONET_4563,-36.871196595,-73.016027828,Chile,1
EONET_4562,-37.231618348,-72.291919209,Chile,1
EONET_4560,-38.18219791,-72.895206184,Chile,1
EONET_4559,-35.849300726,149.886474004,Australia,1
EONET_4557,-37.80482,-72.69914,Chile,1
EONET_4554,-36.68486,-72.11591,Chile,1
EONET_4555,-37.21073,-72.94448,Chile,1
EONET_4553,-36.25644,-72.09111,Chile,1
EONET_4548,46.38808,8.64015,Schweiz/Suisse/Svizzera/Svizra,0
EONET_4547,-33.95908,-71.82816,Chile,1
EONET_4546,46.28365,8.86869,Schweiz/Suisse/Svizzera/Svizra,0
EONET_4543,-41.96884,-72.65502,Chile,1
EONET_4544,-36.62385,-72.1416,Chile,1
EONET_4541,-34.28624,-71.09774,Chile,1
EONET_4535,-33.05002,-71.6058,Chile,1
EONET_4534,-33.89392,-71.4552,Chile,1
EONET_4532,-37.53495,147.36368,Australia,1
EONET_4542,-29.316364295,152.127127635,Australia,1
EONET_4533,-28.57662,-70.75536,Chile,1
EONET_4530,-34.75226,138.92105,Australia,1
EONET_4531,49.522291064,23.59165809,Україна,0
EONET_4529,-33.76283,-70.29122,Chile,1
EONET_4528,20.90311,-156.36924,United States,0
EONET_4525,-33.560330351,-70.437236929,Chile,1
EONET_4526,-34.64856,-71.90292,Chile,1
EONET_4527,-34.8848,-71.99316,Chile,1
EONET_4524,-31.416063915,115.605888138,Australia,1
EONET_4521,-33.39903,-71.68626,Chile,1
EONET_4520,-34.63456,-71.36339,Chile,1
EONET_4515,38.825,-79.303,United States,0
EONET_4514,-34.18038,-70.65303,Chile,1
EONET_4512,-33.2849,-70.88194,Chile,1
EONET_4511,34.497680488,-119.779047501,United States,0
EONET_4508,-35.03838,137.65021,Australia,1
EONET_4505,-33.163085689,-71.604079816,Chile,1
EONET_4503,-33.200859147,-71.518788439,Chile,1
EONET_4502,-33.200859147,-71.518788439,Chile,1
EONET_4500,-26.55603,152.93193,Australia,1
EONET_4498,-30.14679,151.94026,Australia,1
EONET_4497,-33.05072,-71.61106,Chile,1
EONET_4493,34.323893771,-119.057035062,United States,0
EONET_4492,33.98597,-117.41411,United States,0
EONET_4488,33.98395,-117.46421,United States,0
EONET_4487,34.267757086,-118.830489847,United States,0
EONET_4482,-31.0663827,152.187986764,Australia,1
EONET_4483,-32.45146,-71.23004,Chile,1
EONET_4481,34.094028637,-118.480955374,United States,0
EONET_4478,33.2659,-117.03197,United States,0
EONET_4477,33.05314,-116.74528,United States,0
EONET_4475,34.457634347,-118.39468413,United States,0
EONET_4476,34.17922,-117.26913,United States,0
EONET_4474,38.758962281,-122.807158563,United States,0
EONET_4472,35.51189,36.08127,سوريا,0
EONET_4470,20.96287,-156.67282,United States,0
EONET_4468,47.919183785,-116.943657099,United States,0
EONET_4469,48.47716924,-116.49819841,United States,0
EONET_4471,34.04267,-117.25877,United States,0
EONET_4467,-34.18948,-70.63195,Chile,1
EONET_4466,34.057318351,-118.545420636,United States,0
EONET_4462,33.70215,35.46019,لبنان,0
EONET_4461,40.897,-116.097,United States,0
EONET_4457,33.91219,-116.95485,United States,0
EONET_4458,34.324001137,-118.510869853,United States,0
EONET_4448,33.99314,-117.06467,United States,0
EONET_4452,33.981369417,-117.158154189,United States,0
EONET_4451,-29.23171939,152.736746231,Australia,1
EONET_4450,-13.725949801,-72.05110614,Perú,1
EONET_4445,37.609361936,-119.938271098,United States,0
EONET_4449,37.593694367,-119.93766407,United States,0
EONET_4444,-33.05629,-71.59055,Chile,1
EONET_4453,-33.05629,-71.59055,Chile,1
EONET_4442,20.8292,-156.53549,United States,0
EONET_4441,38.468721385,-105.991435116,United States,0
EONET_4456,38.724,-120.145,United States,0
EONET_4437,32.80264,-116.97254,United States,0
EONET_4436,38.47643,-120.51541,United States,0
EONET_4434,34.54132,-112.46487,United States,0
EONET_4433,-34.02574,-71.08511,Chile,1
EONET_4425,37.78103,20.83772,Ελλάς,0
EONET_4414,63.344389606,-136.379061673,Canada,0
EONET_4411,41.86425,-122.66519,United States,0
EONET_4412,37.011279749,-118.366193744,United States,0
EONET_4410,38.873,-112.383,United States,0
EONET_4397,39.98337,-120.69481,United States,0
EONET_4396,33.55333,-117.2549,United States,0
EONET_4403,38.104,-113.158,United States,0
EONET_4402,41.748,-121.056,United States,0
EONET_4409,39.753,-108.316,United States,0
EONET_4404,40.109,-122.799,United States,0
EONET_4420,40.887,-123.014,United States,0
EONET_4407,41.866,-122.67,United States,0
EONET_4390,40.066,-115.646,United States,0
EONET_4416,36.2,-105.595,United States,0
EONET_4399,44.377,-109.881,United States,0
EONET_4417,35.044,-111.84,United States,0
EONET_4385,46.22515,7.06722,Schweiz/Suisse/Svizzera/Svizra,0
EONET_4454,46.22515,7.06722,Schweiz/Suisse/Svizzera/Svizra,0
EONET_4394,34.619,-111.268,United States,0
EONET_4400,36.48,-106.391,United States,0
EONET_4384,40.589,-120.575,United States,0
EONET_4383,60.512322004,-150.100524857,United States,0
EONET_4386,45.817,-108.835,United States,0
EONET_4378,39.88,-120.025,United States,0
EONET_4382,42.349,-106.897,United States,0
EONET_4375,-32.78226,-70.89856,Chile,1
EONET_4376,37.21,-114.872,United States,0
EONET_4371,40.700637964,-122.260619303,United States,0
EONET_4405,34.933,-108.05,United States,0
EONET_4367,-32.45856,-71.13405,Chile,1
EONET_4368,33.985,-99.753,United States,0
EONET_4369,62.031,-150.058,United States,0
EONET_4363,61.712,-150.176,United States,0
EONET_4401,46.014,-112.277,United States,0
EONET_4360,34.131,-99.766,United States,0
EONET_4349,63.93236,-49.90071,Kalaallit Nunaat,0
EONET_4347,38.57855,23.69786,Ελλάς,0
EONET_4352,39.741,-118.198,United States,0
EONET_4346,28.07315,-15.6192,España,0
EONET_4343,20.74826,-156.43251,United States,0
EONET_4372,44.284,-118.466,United States,0
EONET_4341,40.37728,9.35618,Italia,0
EONET_4344,42.033,-112.175,United States,0
EONET_4356,32.321,-104.786,United States,0
EONET_4337,-51.21475,-72.49111,Chile,1
EONET_4338,40.962,-120.308,United States,0
EONET_4357,34.718,-112.68,United States,0
EONET_4345,-27.83666,26.0251,South Africa,1
EONET_4350,35.393,-112.011,United States,0
EONET_4358,36.412,-113.141,United States,0
EONET_4325,40.94313,-4.10885,España,0
EONET_4331,46.963,-112.441,United States,0
EONET_4336,45.045,-119.463,United States,0
EONET_4359,34.678,-112.89,United States,0
EONET_4327,40.731,-114.561,United States,0
EONET_4326,41.937,-114.166,United States,0
EONET_4328,40.312,-115.619,United States,0
EONET_4373,35.345,-107.527,United States,0
EONET_4335,45.246,-115.93,United States,0
EONET_4329,49.2534833,-119.5046333,Canada,0
EONET_4332,33.729,-111.595,United States,0
EONET_4321,45.328,-114.453,United States,0
EONET_4339,33.662,-108.411,United States,0
EONET_4330,47.703,-113.4,United States,0
EONET_4361,35.011,-111.901,United States,0
EONET_4322,47.98,-118.624,United States,0
EONET_4316,20.83657,-156.37192,United States,0
EONET_4318,47.501,-108.225,United States,0
EONET_4313,40.09573,8.9824,Italia,0
EONET_4312,44.42811,3.46067,France,0
EONET_4304,43.32255,-123.1295,United States,0
EONET_4303,49.90641,-109.48024,Canada,0
EONET_4314,41.726,-121.243,United States,0
EONET_4446,39.369,-107.788,United States,0
EONET_4302,59.0228,-97.2961,Canada,0
EONET_4374,37.589,-112.319,United States,0
EONET_4353,37.826,-118.872,United States,0
EONET_4317,37.834,-109.799,United States,0
EONET_4298,46.751,-111.952,United States,0
EONET_4294,45.68901,14.1524,Slovenija,0
EONET_4351,36.349,-112.285,United States,0
EONET_4387,36.284,-118.228,United States,0
EONET_4297,42.913,-123.268,United States,0
EONET_4307,55.7167,-94.8333,Canada,0
EONET_4289,63.91811662,-135.70311136,Canada,0
EONET_4301,46.933,-120.993,United States,0
EONET_4290,41.165,-116.808,United States,0
EONET_4285,-29.67378,23.97728,South Africa,1
EONET_4284,40.05265,-8.16565,Portugal,0
EONET_4288,40.134,-116.44,United States,0
EONET_4291,43.163,-119.291,United States,0
EONET_4282,35.263,-111.639,United States,0
EONET_4281,58.86,-114.793333,Canada,0
EONET_4296,58.927483,-115.559167,Canada,0
EONET_4292,59.602517,-110.6879,Canada,0
EONET_4270,32.588,35.0647,ישראל,0
EONET_4287,59.348817,-111.083183,Canada,0
EONET_4272,59.397383,-110.960983,Canada,0
EONET_4271,59.367667,-110.925533,Canada,0
EONET_4277,58.799883,-110.0793,Canada,0
EONET_4276,58.639133,-110.3389,Canada,0
EONET_4268,40.09573,8.9824,Italia,0
EONET_4306,37.723,-109.857,United States,0
EONET_4266,52.51897,-87.32528,Canada,0
EONET_4265,36.93784,-2.43157,España,0
EONET_4273,34.243,-112.488,United States,0
EONET_4340,45.188,-117.431,United States,0
EONET_4280,36.449,-106.207,United States,0
EONET_4279,33.61,-107.406,United States,0
EONET_4278,34.533,-111.191,United States,0
EONET_4319,36.531,-112.228,United States,0
EONET_4258,20.83549,-156.48825,United States,0
EONET_4274,35.023,-111.525,United States,0
EONET_4264,44.517,-115.019,United States,0
EONET_4275,33.576,-107.984,United States,0
EONET_4323,66.546,-143.059,United States,0
EONET_4348,59.4300652,-134.3714905,Canada,0
EONET_4255,38.49125,23.75009,Ελλάς,0
EONET_4259,52.6403,-95.6114,Canada,0
EONET_4250,53.45414,11.48014,Deutschland,0
EONET_4261,33.211,-108.524,United States,0
EONET_4406,46.237,-114.983,United States,0
EONET_4248,51.9461,-95.7575,Canada,0
EONET_4257,51.8378,-96.2197,Canada,0
EONET_4254,34.164,-109.58,United States,0
EONET_4249,54.0708,-93.8428,Canada,0
EONET_4251,31.449,-109.027,United States,0
EONET_4256,33.23,-107.97,United States,0
EONET_4245,40.02739,-3.42933,España,0
EONET_4244,64.90383,-147.78555,United States,0
EONET_4262,33.164,-107.905,United States,0
EONET_4260,52.6269,-99.5678,Canada,0
EONET_4238,41.19232,0.62597,España,0
EONET_4233,37.46577,-121.28312,United States,0
EONET_4234,36.28426,-120.94771,United States,0
EONET_4240,64.874,-146.555,United States,0
EONET_4242,65.699,-148.359,United States,0
EONET_4237,64.987,-148.415,United States,0
EONET_4231,34.231,-112.1,United States,0
EONET_4243,37.72,-108.682,United States,0
EONET_4230,33.624,-105.244,United States,0
EONET_4241,38.283,-112.513,United States,0
EONET_4223,56.102367,-111.1708,Canada,0
EONET_4226,53.4006,-97.1003,Canada,0
EONET_4225,53.5333,-96.1497,Canada,0
EONET_4220,35.66318,-120.41128,United States,0
EONET_4214,33.015780579,-110.199515795,United States,0
EONET_4212,38.88978,-122.23922,United States,0
EONET_4224,39.28926,-121.85906,United States,0
EONET_4218,33.409,-111.199,United States,0
EONET_4213,51.5144,-96.5164,Canada,0
EONET_4211,33.871,-111.754,United States,0
EONET_4229,36.502,-106.269,United States,0
EONET_4221,33.999,-108.251,United States,0
EONET_4215,33.499,-107.897,United States,0
EONET_4222,60.631,-150.438,United States,0
EONET_4209,35.343761,-119.913717,United States,0
EONET_4206,52.46593,13.02608,Deutschland,0
EONET_4210,46.869,-119.898,United States,0
EONET_4205,37.27087,-6.9397,España,0
EONET_4204,33.572506261,-116.143775905,United States,0
EONET_4207,56.291167,-113.9738,Canada,0
EONET_4208,34.492,-111.302,United States,0
EONET_4197,-33.05071,-71.61106,Chile,1
EONET_4199,59.606867,-117.434033,Canada,0
EONET_4200,59.5710831,-128.6357269,Canada,0
EONET_4198,56.409667,-114.3955,Canada,0
EONET_4202,33.209,-79.51,United States,0
EONET_4239,33.808,-105.739,United States,0
EONET_4196,31.41316,34.99872,Palestinian Territory,0
EONET_4217,46.70468,9.18695,Schweiz/Suisse/Svizzera/Svizra,0
EONET_4195,58.204834,-120.4293365,Canada,0
EONET_4190,55.716367,-114.40635,Canada,0
EONET_4191,55.655167,-114.544067,Canada,0
EONET_4201,35.309,-111.408,United States,0
EONET_4187,56.58355,25.84552,Latvija,0
EONET_4188,19.108731512,-89.818428478,México,0
EONET_4182,46.31447,8.90377,Schweiz/Suisse/Svizzera/Svizra,0
EONET_4183,51.6425,-98.5847,Canada,0
EONET_4184,51.2444,-97.6133,Canada,0
EONET_4185,49.0375666,-119.6509333,Canada,0
EONET_4189,58.285283,-117.273167,Canada,0
EONET_4181,57.087417,-117.928833,Canada,0
EONET_4179,17.474261478,-92.414422489,México,0
EONET_4178,56.08683,24.7758,Lietuva,0
EONET_4177,35.72057,-119.62762,United States,0
EONET_4174,51.7072,-99.1819,Canada,0
EONET_4170,18.358103016,-90.398270946,México,0
EONET_4173,63.906,-146.002,United States,0
EONET_4172,51.5122,-98.6567,Canada,0
EONET_4171,51.8133,-99.4156,Canada,0
EONET_4168,-33.97474,-56.20421,Uruguay,1
EONET_4167,60.4337,14.67991,Sverige,0
EONET_4165,61.89098,8.79284,Norge,0
EONET_4166,51.7739,-98.3747,Canada,0
EONET_4161,46.47117,8.85893,Schweiz/Suisse/Svizzera/Svizra,0
EONET_4164,51.1922,-98.2422,Canada,0
EONET_4159,10.339259413,-67.165600976,Venezuela,0
EONET_4155,40.65457,-8.04537,Portugal,0
EONET_4154,-34.64446,-71.90417,Chile,1
EONET_4149,46.27979,8.92218,Schweiz/Suisse/Svizzera/Svizra,0
EONET_4150,-28.01625,23.64451,South Africa,1
EONET_4118,-38.25,-72.6833,Chile,1
EONET_4117,-38.98149,-72.44964,Chile,1
EONET_4116,-38.05532,-72.3833,Chile,1
EONET_4119,-25.087239425,152.448985045,Australia,1
EONET_4114,10.82882,-73.69334,Colombia,0
EONET_4113,-37.49967,147.80083,Australia,1
EONET_4112,43.10972,-4.85376,España,0
EONET_4111,-31.66515,116.03077,Australia,1
EONET_4110,-0.15165,37.30839,Kenya,1
EONET_4108,-38.00419,-72.42127,Chile,1
EONET_4107,-33.84872,121.86775,Australia,1
EONET_4106,46.0104,14.65889,Slovenija,0
EONET_4105,-28.13505,23.05883,South Africa,1
EONET_4103,53.54218,-1.95713,United Kingdom,0
EONET_4101,42.18572,9.04891,France,0
EONET_4147,-0.1524351229055136,37.33566284179688,Kenya,1
EONET_4097,-33.871252688,115.913321151,Australia,1
EONET_4096,-41.93415,172.81918,New Zealand / Aotearoa,1
EONET_4094,46.16427,8.86878,Schweiz/Suisse/Svizzera/Svizra,0
EONET_4093,-32.85673,20.80567,South Africa,1
EONET_4090,-38.40886,-72.78213,Chile,1
EONET_4088,-41.45077,-72.25364,Chile,1
EONET_4086,-41.30703,172.7182,New Zealand / Aotearoa,1
EONET_4087,-32.98675,20.01895,South Africa,1
EONET_4081,-46.51368,-72.52796,Chile,1
EONET_4072,20.69027,-156.43875,United States,0
EONET_4054,53.076067,-117.131367,Canada,0
EONET_4028,34.235,-118.70128,United States,0
EONET_4029,34.22685,-118.93444,United States,0
EONET_4030,38.21396,-121.9424,United States,0
EONET_4027,39.8134,-121.4347,United States,0
EONET_4020,40.181555824725,23.754722163912,Ελλάς,0
EONET_4007,34.18761849,-117.317161452,United States,0
EONET_4001,40.238669442,-122.143563423,United States,0
EONET_4002,40.22027778,-122.18,United States,0
EONET_4021,36.216,-118.62,United States,0
EONET_4042,36.41,-118.737,United States,0
EONET_3995,-0.37369340064735,-78.56478810195,Ecuador,1
EONET_3992,40.674,-115.51,United States,0
EONET_3985,44.567,-115.323,United States,0
EONET_3982,43.729640967,10.551216256,Italia,0
EONET_3974,34.48229,-118.60858,United States,0
EONET_3965,-3.3280771522187,105.41479996866,Indonesia,1
EONET_3964,-7.3849996835689,110.07249982741,Indonesia,1
EONET_3969,42.706,-110.679,United States,0
EONET_3963,40.983,-106.748,United States,0
EONET_3968,44.58,-117.097,United States,0
EONET_3967,43.041,-110.587,United States,0
EONET_3960,40.653,-108.573,United States,0
EONET_3961,44.309,-112.398,United States,0
EONET_3948,38.69601,-122.44468,United States,0
EONET_3958,44.995,-115.309,United States,0
EONET_3956,39.806,-111.661,United States,0
EONET_3945,40.923,-122.408,United States,0
EONET_3966,40.616251,-123.52019,United States,0
EONET_3946,40.628,-123.508,United States,0
EONET_3944,38.396,-119.451,United States,0
EONET_3942,41.303,-115.974,United States,0
EONET_3937,40.657,-115.518,United States,0
EONET_3931,47.753,-114.529,United States,0
EONET_3932,42.115,-105.366,United States,0
EONET_3983,37.466,-112.213,United States,0
EONET_3923,44.164,-115.194,United States,0
EONET_3917,20.878873722679,-156.67411804199,United States,0
EONET_3962,39.873,-111.749,United States,0
EONET_3920,48.975,-113.924,United States,0
EONET_3919,40.646,-116.159,United States,0
EONET_3977,40.665,-111.17,United States,0
EONET_3929,52.023,12.908,Deutschland,0
EONET_3947,47.747,-113.199,United States,0
EONET_3913,42.578,-122.993,United States,0
EONET_3925,43.49,-115.057,United States,0
EONET_3938,44.085,-122.233,United States,0
EONET_3893,35.117,-120.101,United States,0
EONET_3894,40.773,-116.842,United States,0
EONET_4037,59.715083,-110.712383,Canada,0
EONET_3896,57.3667,-97.0086,Canada,0
EONET_3907,44.8,-120.224,United States,0
EONET_3885,41.812,-116.324,United States,0
EONET_3910,41.812,-116.324,United States,0
EONET_4039,59.15325,-114.068567,Canada,0
EONET_3906,45.295,-120.385,United States,0
EONET_3888,46.3,-120.57,United States,0
EONET_3903,41.14,-123.66,United States,0
EONET_3887,34.561,-100.817,United States,0
EONET_3886,42.653,-120.818,United States,0
EONET_3866,41.395,-121.057,United States,0
EONET_3891,55.848,-125.0735,Canada,0
EONET_3892,49.1829338,-120.3105316,Canada,0
EONET_3905,49.2660179,-119.9163818,Canada,0
EONET_3914,40.063,-114.846,United States,0
EONET_3884,48.619,-115.104,United States,0
EONET_3908,49.7070007,-118.1558533,Canada,0
EONET_3954,48.311,-113.651,United States,0
EONET_3859,45.153,-111.931,United States,0
EONET_3858,48.643,-113.916,United States,0
EONET_3862,45.893,-113.528,United States,0
EONET_3857,48.602,-118.141,United States,0
EONET_3861,48.98,-118.051,United States,0
EONET_3850,48.708,-120.372,United States,0
EONET_3845,49.0020332,-115.89505,United States,0
EONET_3879,49.4042167,-118.0954667,Canada,0
EONET_3889,49.4897,-118.0643667,Canada,0
EONET_3890,49.3774185,-117.8815994,Canada,0
EONET_3909,48.577,-115.526,United States,0
EONET_3924,49.4058495,-115.1110001,Canada,0
EONET_3830,38.431278,-122.043747,United States,0
EONET_3838,49.4913483,-114.8649139,Canada,0
EONET_3846,49.8292007,-115.9407654,Canada,0
EONET_3831,46.033,-116.929,United States,0
EONET_3823,40.99344,-121.52225,United States,0
EONET_3841,40.891,-122.228,United States,0
EONET_3928,40.896,-122.219,United States,0
EONET_3828,49.9793167,-119.9530333,Canada,0
EONET_3827,53.17315,-123.5254167,Canada,0
EONET_3837,49.77285,-121.1574833,Canada,0
EONET_3847,51.2420502,-121.2778168,Canada,0
EONET_3901,52.925251,-126.4011993,Canada,0
EONET_3922,49.31475,-121.6701667,Canada,0
EONET_3808,39.4958,-0.42197,España,0
EONET_3826,52.783,-122.8101167,Canada,0
EONET_3836,49.1311989,-116.8604507,Canada,0
EONET_3882,53.1506653,-126.5613861,Canada,0
EONET_3883,53.47345,-125.6034167,Canada,0
EONET_3900,50.5878833,-122.4995833,Canada,0
EONET_3815,35.97896,-119.98329,United States,0
EONET_3810,39.751,-111.451,United States,0
EONET_3806,33.691,-117.521,United States,0
EONET_3816,36.365,-112.029,United States,0
EONET_3902,44.968,-111.851,United States,0
EONET_3835,52.3678322,-118.5952301,Canada,0
EONET_3949,55.5305333,-126.8278167,Canada,0
EONET_3817,19.448,-155.332,United States,0
EONET_3881,55.6198667,-127.2564833,Canada,0
EONET_3842,47.578,-123.13,United States,0
EONET_3807,39.951,-111.403,United States,0
EONET_3822,55.11145,-126.653,Canada,0
EONET_3834,51.9308333,-120.94175,Canada,0
EONET_3904,59.8559494,-128.6699371,Canada,0
EONET_3791,35.37444,-118.83556,United States,0
EONET_3787,53.32366,-84.60784,Canada,0
EONET_3788,-18.028124402,-60.644329095,Bolivia,1
EONET_3899,50.0804329,-117.6023865,Canada,0
EONET_3851,45.117,-113.534,United States,0
EONET_3795,47.748,-118.075,United States,0
EONET_3825,47.519,-113.188,United States,0
EONET_3793,44.856,-114.307,United States,0
EONET_3785,37.728,-6.571,España,0
EONET_3789,49.1331333,-114.3607333,Canada,0
EONET_3805,57.951,-131.0158333,Canada,0
EONET_3796,38.349,-119.929,United States,0
EONET_3776,53.9302333,-125.3635667,Canada,0
EONET_3780,45.418,-121.247,United States,0
EONET_3798,57.9006333,-131.25205,Canada,0
EONET_3814,52.9205,-125.2018333,Canada,0
EONET_3833,49.4799995,-116.5108337,Canada,0
EONET_3854,50.6708833,-115.7630167,Canada,0
EONET_3860,53.1239167,-123.8239667,Canada,0
EONET_3880,55.5625333,-127.8060167,Canada,0
EONET_4050,56.2364,-90.0219,Canada,0
EONET_4051,56.1522,-90.7244,Canada,0
EONET_3778,39.186144,-121.792885,United States,0
EONET_3769,45.667,-121.034,United States,0
EONET_3768,39.832,-123.048,United States,0
EONET_3895,47.849,-115.967,United States,0
EONET_3764,59.2722,-96.2703,Canada,0
EONET_3766,52.4028333,-121.1035,Canada,0
EONET_3777,53.9067,-127.06595,Canada,0
EONET_3784,57.982,24.928,Latvija,0
EONET_3809,53.8473,-125.9871333,Canada,0
EONET_3813,51.4297829,-121.9116974,Canada,0
EONET_3829,52.7727852,-119.0515518,Canada,0
EONET_3839,50.6212333,-118.5988,Canada,0
EONET_3840,50.1252833,-118.8955167,Canada,0
EONET_3762,53.3668327,-124.588501,Canada,0
EONET_3790,55.1923828,-125.3604355,Canada,0
EONET_3799,46.61,-121.35,United States,0
EONET_3804,58.9112667,-130.0460833,Canada,0
EONET_3821,54.8414001,-124.6382675,Canada,0
EONET_3921,55.1030006,-125.7994156,Canada,0
EONET_4064,56.9964,-92.9567,Canada,0
EONET_3757,39.689,-108.758,United States,0
EONET_3779,39.911,-107.633,United States,0
EONET_3818,47.67,-114.76,United States,0
EONET_3843,48.958,-115.933,United States,0
EONET_3797,48.451,-120.579,United States,0
EONET_3746,43.467,-114.145,United States,0
EONET_3933,34.943,-111.87,United States,0
EONET_3763,38.457,-108.665,United States,0
EONET_3918,49.1199837,-117.1314163,Canada,0
EONET_3770,47.852,-120.558,United States,0
EONET_3772,39.404,-107.89,United States,0
EONET_3742,41.527,-114.07,United States,0
EONET_3824,48.266,-116.172,United States,0
EONET_3781,48.469,-120.551,United States,0
EONET_3771,39.24,-123.11,United States,0
EONET_3849,47.924,-116.325,United States,0
EONET_3744,39.838,-119.653,United States,0
EONET_3775,34.258,-110.258,United States,0
EONET_3730,40.633536,-120.868091,United States,0
EONET_3760,47.79,-119.983,United States,0
EONET_3731,39.04786,-123.11971,United States,0
EONET_3756,54.2020167,-125.2063667,Canada,0
EONET_3856,50.9809341,-116.1456528,Canada,0
EONET_3734,44.676,-116.448,United States,0
EONET_4038,59.269083,-119.4795,Canada,0
EONET_3832,36.371,-112.342,United States,0
EONET_3736,41.474,-114.066,United States,0
EONET_3735,45.396,-121.055,United States,0
EONET_3740,44.093,-111.865,United States,0
EONET_3773,33.965,-111.113,United States,0
EONET_3745,32.28,-109.955,United States,0
EONET_3723,41.6,-115.493,United States,0
EONET_3728,44.031,-116.154,United States,0
EONET_3729,44.521,-116.85,United States,0
EONET_3727,33.712590977,-116.687298892,United States,0
EONET_3722,40.612,-115.884,United States,0
EONET_3759,34.616,-110.822,United States,0
EONET_3724,31.548,-109.406,United States,0
EONET_3712,38.00359,23.16222,Ελλάς,0
EONET_3719,31.654,-98.784,United States,0
EONET_3714,40.65428,-122.62357,United States,0
EONET_3911,40.65,-122.63,United States,0
EONET_3718,31.572,-98.387,United States,0
EONET_3720,45.334,-116.396,United States,0
EONET_3743,37.781,-108.641,United States,0
EONET_3761,37.658,-108.474,United States,0
EONET_3711,40.491,-116.817,United States,0
EONET_3707,41.949,-116.098,United States,0
EONET_3758,36.166,-112.027,United States,0
EONET_3848,44.968,-111.102,United States,0
EONET_3715,35.771,-106.803,United States,0
EONET_3699,46.799054787,-119.965641693,United States,0
EONET_3716,40.191,-108.201,United States,0
EONET_3767,40.223,-106.655,United States,0
EONET_3855,49.8522835,-117.2228317,Canada,0
EONET_3706,32.405,-99.02,United States,0
EONET_3792,44.823,-115.286,United States,0
EONET_3705,30.649,-98.567,United States,0
EONET_3688,47.67175,-117.40967,United States,0
EONET_3692,58.2008,-96.8178,Canada,0
EONET_3698,45.576,-121.103,United States,0
EONET_3733,38.56,-112.52,United States,0
EONET_3697,45.564,-114.513,United States,0
EONET_3794,42.515,-123.583,United States,0
EONET_3774,34.565,-110.952,United States,0
EONET_3684,57.344309849972895,22.32421875,Latvija,0
EONET_3695,49.71345,-119.76465,Canada,0
EONET_3700,54.1448326,-124.4633331,Canada,0
EONET_3709,49.0846333,-119.8694667,Canada,0
EONET_3713,49.75365,-119.6889,Canada,0
EONET_3717,49.1285667,-120.3662333,Canada,0
EONET_3702,39.517,-112.216,United States,0
EONET_3682,41.28,-115.42,United States,0
EONET_3690,44.08,-120.204,United States,0
EONET_3683,40.743,-116.395,United States,0
EONET_3739,42.369,-123.86,United States,0
EONET_3701,41.956,-123.551,United States,0
EONET_3710,43.073,-122.039,United States,0
EONET_3725,42.848,-122.711,United States,0
EONET_3696,42.84,-122.815,United States,0
EONET_3708,42.152,-123.548,United States,0
EONET_3704,42.099,-122.854,United States,0
EONET_3678,40.905,-115.655,United States,0
EONET_3681,51.3042,-95.6419,Canada,0
EONET_3685,60.70232328178116,12.94921875,Sverige,0
EONET_3676,37.652,-119.881,United States,0
EONET_3679,47.536,-120.292,United States,0
EONET_3677,41.285,-120.115,United States,0
EONET_3670,57.7947,-98.3728,Canada,0
EONET_3671,57.4117,-98.7147,Canada,0
EONET_3675,50.6931333,-120.2496333,Canada,0
EONET_3667,57.9056,-99.4431,Canada,0
EONET_3668,57.9747,-101.1275,Canada,0
EONET_4062,58.3164,-99.755,Canada,0
EONET_4063,57.3914,-96.1689,Canada,0
EONET_3691,57.0797,-100.4981,Canada,0
EONET_3737,34.779,-112.964,United States,0
EONET_3664,36.898,-113.614,United States,0
EONET_3656,36.6734,-118.21881,United States,0
EONET_3661,46.97315,-79.95862,Canada,0
EONET_3666,57.4314,-99.9586,Canada,0
EONET_3663,39.746,-108.406,United States,0
EONET_3665,57.6181,-100.8336,Canada,0
EONET_3648,32.83272,-116.72974,United States,0
EONET_3651,40.495,-108.172,United States,0
EONET_3649,34.096,-116.958,United States,0
EONET_4061,57.2867,-98.5058,Canada,0
EONET_3642,41.893332,-122.534655,United States,0
EONET_3644,31.454,-111.447,United States,0
EONET_3653,40.696,-115.076,United States,0
EONET_3652,41.531,-117.422,United States,0
EONET_3641,40.192,-114.472,United States,0
EONET_3655,51.99829,11.88089,Deutschland,0
EONET_3643,39.371,-107.043,United States,0
EONET_3638,32.759,-98.355,United States,0
EONET_3631,40.1,-110.96,United States,0
EONET_3630,41.306,-114.447,United States,0
EONET_3635,40.737,-114.596,United States,0
EONET_3626,38.796925179,-105.311673464,United States,0
EONET_3629,38.80583,-122.18183,United States,0
EONET_3637,33.672,-108.978,United States,0
EONET_3650,40.783,-107.836,United States,0
EONET_3654,38.732,-111.913,United States,0
EONET_3645,35.976,-104.926,United States,0
EONET_3632,38.815,-105.306,United States,0
EONET_3627,39.055,-106.069,United States,0
EONET_3624,39.813,-105.994,United States,0
EONET_3625,53.4506,-96.19,Canada,0
EONET_4060,53.1167,-95.3458,Canada,0
EONET_3615,40.677,-116.105,United States,0
EONET_3623,37.496,-105.291,United States,0
EONET_3622,37.397,-113.423,United States,0
EONET_4059,52.9183,-95.0881,Canada,0
EONET_3636,56.1689,-97.0303,Canada,0
EONET_3599,39.093743688,-122.580114759,United States,0
EONET_3616,36.197,-105.454,United States,0
EONET_3600,40.50318,-122.42308,United States,0
EONET_3611,53.50805964216864,-1.978912353515625,United Kingdom,0
EONET_3628,52.6861,-96.5333,Canada,0
EONET_3596,39.0674,-122.59848,United States,0
EONET_4041,56.960433,-113.099793,Canada,0
EONET_3595,40.35068,-121.77867,United States,0
EONET_3604,56.6583,-100.7764,Canada,0
EONET_4058,55.4894,-93.5661,Canada,0
EONET_3593,44.539,-121.426,United States,0
EONET_3594,45.16,-121.071,United States,0
EONET_3609,53.4449348,-124.0255203,Canada,0
EONET_3610,35.73629,-120.75593,United States,0
EONET_3597,45.272,-120.613,United States,0
EONET_3607,35.279,-104.762,United States,0
EONET_3592,55.0737333,-125.0085667,Canada,0
EONET_3586,38.817,-119.403,United States,0
EONET_3603,32.508,-105.026,United States,0
EONET_3585,37.39339,-120.34207,United States,0
EONET_3575,63.52037,16.12705,Sverige,0
EONET_3587,54.7419,-93.7989,Canada,0
EONET_3573,47.396,-119.484,United States,0
EONET_3606,37.571,-119.118,United States,0
EONET_3571,41.028,-106.216,United States,0
EONET_3566,39.64978,-122.58218,United States,0
EONET_3567,39.94355,-122.3571,United States,0
EONET_3569,37.513,-108.111,United States,0
EONET_3563,37.16227,13.79841,Italia,0
EONET_3577,55.0236,-92.4653,Canada,0
EONET_3565,31.519,-109.897,United States,0
EONET_3568,33.171,-105.769,United States,0
EONET_3574,40.307,-111.188,United States,0
EONET_3576,39.358,-111.216,United States,0
EONET_3564,30.668,-104.139,United States,0
EONET_3553,36.40755,-120.99322,United States,0
EONET_3552,34.461,-110.371,United States,0
EONET_3550,34.5486,-118.31138,United States,0
EONET_3560,52.015,122.052,中国,0
EONET_3548,37.461,-107.808,United States,0
EONET_3562,33.55129,-117.72048,United States,0
EONET_3546,36.551,-105.056,United States,0
EONET_4040,57.035417,-118.153217,Canada,0
EONET_3542,37.928,-108.533,United States,0
EONET_3529,51.2739,-97.6267,Canada,0
EONET_3531,51.1458333,-120.8583333,Canada,0
EONET_3536,50.6363333,-122.4352333,Canada,0
EONET_3528,33.724,-108.538,United States,0
EONET_3545,32.212,-104.679,United States,0
EONET_3535,57.4928322,-122.8420029,Canada,0
EONET_3537,57.1635017,-121.751503,Canada,0
EONET_3538,57.1071663,-121.6196671,Canada,0
EONET_3522,52.015,-95.4042,Canada,0
EONET_3526,50.9636,-98.1814,Canada,0
EONET_3540,57.4691658,-120.5511703,Canada,0
EONET_3519,52.7264,-100.6717,Canada,0
EONET_3521,51.785,-99.2194,Canada,0
EONET_3532,52.7292,-100.6919,Canada,0
EONET_3539,58.4553333,-123.5451667,Canada,0
EONET_3524,51.0622,-98.1667,Canada,0
EONET_3525,51.1592,-98.2378,Canada,0
EONET_3527,52.7494,-100.8772,Canada,0
EONET_3530,-20.84817,119.53773,Australia,1
EONET_3512,33.62924,-117.05992,United States,0
EONET_3513,34.838,-113.282,United States,0
EONET_3517,50.2544,-96.8111,Canada,0
EONET_3505,31.98,-109.37,United States,0
EONET_3518,51.9572,-98.335,Canada,0
EONET_3503,34.688,-112.366,United States,0
EONET_3506,51.8417,-99.4894,Canada,0
EONET_3502,34.81,-101.306,United States,0
EONET_3511,58.0783653,-131.0374908,Canada,0
EONET_3501,51.7136,-98.8772,Canada,0
EONET_3497,37.894,-79.183,United States,0
EONET_3489,36.85156,-120.77206,United States,0
EONET_3499,25.727,-81.039,United States,0
EONET_3490,50.02,-96.2917,Canada,0
EONET_3498,25.95,-81.36,United States,0
EONET_3488,30.545,-104.241,United States,0
EONET_3485,49.2058,-95.9892,Canada,0
EONET_3483,33.554281465,-116.135269774,United States,0
EONET_3484,34.558,-111.161,United States,0
EONET_3680,44.321,-115.833,United States,0
EONET_3487,31.545,-108.715,United States,0
EONET_3478,36.71537,-118.08449,United States,0
EONET_3474,38.528,-104.673,United States,0
EONET_3468,26.01,-80.902,United States,0
EONET_3508,38.62,-79.006,United States,0
EONET_3469,36.52,-99.4,United States,0
EONET_3471,35.191,-108.136,United States,0
EONET_3470,35.849,-99.213,United States,0
EONET_3472,35.25,-108.133,United States,0
EONET_3473,33.656,-109.506,United States,0
EONET_3500,25.977,-80.995,United States,0
EONET_3464,28.25,-16.55,España,0
EONET_3446,38.51941719,-104.71395232,United States,0
EONET_3447,33.088888888889,-79.685,United States,0
EONET_3444,30.338055555556,-84.428333333333,United States,0
EONET_3428,37.40208,-118.50235,United States,0
EONET_3422,31.920277777778,-110.05972222222,United States,0
EONET_3408,-30.7533,149.3257,Australia,1
EONET_3396,42.3747783611142,9.437255859375,France,0
EONET_3392,-33.04427,-71.37864,Chile,1
EONET_3377,33.3237,-117.163,United States,0
EONET_3373,34.45283,-118.58188,United States,0
EONET_3375,34.334166666667,-118.33805555556,United States,0
EONET_3376,34.429166666667,-119.10027777778,United States,0
EONET_3367,35.558333333333,-93.251388888889,United States,0
EONET_3345,37.50696005,-112.682674661,United States,0
EONET_3346,34.33226819,-110.786574051,United States,0
EONET_3338,45.804158149,-121.43400016,United States,0
EONET_3339,34.342259484,-110.795570081,United States,0
EONET_3341,33.58837109,-117.314103711,United States,0
EONET_3333,42.570908623949,9.076704467773425,France,0
EONET_3349,44.9213963685294,6.851806640625,Italia,0
EONET_3332,34.103333333333,-109.36638888889,United States,0
EONET_3355,33.402411,-117.402445,United States,0
EONET_3328,40.58966762,-7.689599245,Portugal,0
EONET_3329,38.46123,-122.58152,United States,0
EONET_3310,33.822813747,-117.734320998,United States,0
EONET_3324,38.14242,-122.47301,United States,0
EONET_3312,33.87041,-117.70975,United States,0
EONET_3318,38.76549,-122.90939,United States,0
EONET_3321,39.39455,-121.40613,United States,0
EONET_3330,39.01387,-122.64543,United States,0
EONET_3314,38.31802,-122.39052,United States,0
EONET_3323,39.32198,-121.4021,United States,0
EONET_3317,39.24873,-123.16635,United States,0
EONET_3315,38.4041,-122.5209,United States,0
EONET_3319,38.60895,-122.62879,United States,0
EONET_3320,39.62496,-121.52966,United States,0
EONET_3316,38.39206,-122.24367,United States,0
EONET_3313,34.477777777778,-111.08722222222,United States,0
EONET_3297,33.87,-117.66972222222,United States,0
EONET_3305,36.271388888889,-118.48555555556,United States,0
EONET_3304,41.8,43.5,საქართველო,0
EONET_3291,28.05294,-15.55016,España,0
EONET_3294,35.730833333333,-106.79805555556,United States,0
EONET_3283,40.2275,-123.03555555556,United States,0
EONET_3274,40.258333333333,-116.42361111111,United States,0
EONET_3302,35.367777777778,-105.55111111111,United States,0
EONET_3272,43.6225,-103.45472222222,United States,0
EONET_3273,46.229722222222,-110.32444444444,United States,0
EONET_3265,40.344166666667,-108.11722222222,United States,0
EONET_3284,44.479444444444,-120.4975,United States,0
EONET_3277,37.556934181476,-6.474609375,España,0
EONET_3280,46.189722222222,-115.39138888889,United States,0
EONET_3279,47.163055555556,-121.43583333333,United States,0
EONET_3252,40.599444444444,-107.10972222222,United States,0
EONET_3292,38.12,-119.94111111111,United States,0
EONET_3249,37.212777777778,-119.48277777778,United States,0
EONET_3242,45.630277777778,-121.90416666667,United States,0
EONET_3541,45.63,-121.904,United States,0
EONET_3270,46.956111111111,-116.62666666667,United States,0
EONET_3271,48.954166666667,-114.72972222222,United States,0
EONET_3224,33.97471,-117.09984,United States,0
EONET_3233,49.7333832,-119.8262329,Canada,0
EONET_3237,35.759722222222,-118.40555555556,United States,0
EONET_3223,34.223685531,-118.31641165,United States,0
EONET_3211,40.778611111111,-123.10166666667,United States,0
EONET_3254,47.896111111111,-115.30916666667,United States,0
EONET_3253,48.507777777778,-115.64888888889,United States,0
EONET_3217,40.696944444444,-119.93388888889,United States,0
EONET_3219,45.738611111111,-106.00888888889,United States,0
EONET_3238,48.116944444444,-120.37666666667,United States,0
EONET_3247,45.821666666667,-114.88472222222,United States,0
EONET_3264,49.0597333,-114.3025,Canada,0
EONET_3269,49.21955,-114.9392667,Canada,0
EONET_3212,40.272777777778,-119.46361111111,United States,0
EONET_3215,38.611666666667,-119.54972222222,United States,0
EONET_3235,47.495,-115.06,United States,0
EONET_3206,40.395277777778,-120.2425,United States,0
EONET_3204,41.966666666667,-114.26666666667,United States,0
EONET_3201,39.57701,-121.30209,United States,0
EONET_3214,37.434166666667,-119.65138888889,United States,0
EONET_3202,36.165277777778,-118.68527777778,United States,0
EONET_3227,47.575,-115.28472222222,United States,0
EONET_3241,49.3166504,-115.878334,Canada,0
EONET_3225,39.7525,-117.70972222222,United States,0
EONET_3228,48.17,-109.62222222222,United States,0
EONET_3246,44.575277777778,-115.43388888889,United States,0
EONET_3195,53.5569,-96.8986,Canada,0
EONET_3200,56.4681,-94.3756,Canada,0
EONET_3213,42.935277777778,-123.60472222222,United States,0
EONET_3185,45.653888888889,-110.17722222222,United States,0
EONET_3299,58.4244,-93.8347,Canada,0
EONET_3258,48.089166666667,-113.015,United States,0
EONET_3197,45.933611111111,-111.98888888889,United States,0
EONET_3182,36.05187,-120.05404,United States,0
EONET_3179,55.3317,-94.7758,Canada,0
EONET_3181,49.8637848,-119.195015,Canada,0
EONET_3207,44.388333333333,-115.52722222222,United States,0
EONET_3203,41.419722222222,-115.505,United States,0
EONET_3174,44.964166666667,-112.76388888889,United States,0
EONET_3167,46.821128321,-123.01700007,United States,0
EONET_3178,39.105277777778,-119.45638888889,United States,0
EONET_3259,49.0,-115.3666687,United States,0
EONET_3180,41.8228,43.4453,საქართველო,0
EONET_3243,40.925277777778,-106.88388888889,United States,0
EONET_3161,55.1344,-100.0411,Canada,0
EONET_3189,52.8256,-95.7822,Canada,0
EONET_3222,53.9728,-95.2836,Canada,0
EONET_3194,57.9267,-99.6522,Canada,0
EONET_3220,47.956666666667,-113.07138888889,United States,0
EONET_3144,44.256666666667,-121.74305555556,United States,0
EONET_3132,41.786388888889,-123.47472222222,United States,0
EONET_3166,54.0711,-95.0114,Canada,0
EONET_3146,42.039166666667,-123.21777777778,United States,0
EONET_3139,56.9594,-100.3008,Canada,0
EONET_3172,53.7853,-97.0006,Canada,0
EONET_3199,54.2111,-96.4094,Canada,0
EONET_3143,41.455555555556,-123.08972222222,United States,0
EONET_3229,47.3475,-113.40166666667,United States,0
EONET_3114,33.98212,-117.30819,United States,0
EONET_3147,46.246111111111,-114.54722222222,United States,0
EONET_3130,37.5375,-119.59833333333,United States,0
EONET_3109,41.151111111111,-114.15083333333,United States,0
EONET_3135,56.8914,-97.7992,Canada,0
EONET_3160,56.4997,-102.0,Canada,0
EONET_3171,53.7678,-96.3233,Canada,0
EONET_3193,57.5669,-99.6897,Canada,0
EONET_3248,48.758055555556,-114.03972222222,United States,0
EONET_3234,47.513888888889,-120.95944444444,United States,0
EONET_3169,47.376666666667,-121.01861111111,United States,0
EONET_3205,48.17,-113.09444444444,United States,0
EONET_3188,48.973055555556,-115.44111111111,United States,0
EONET_3129,43.295555555556,-122.64138888889,United States,0
EONET_3187,39.994166666667,-111.31583333333,United States,0
EONET_3145,46.96,-121.37805555556,United States,0
EONET_3159,54.8772,-95.6789,Canada,0
EONET_3190,54.4628,-96.7639,Canada,0
EONET_3191,53.4267,-96.9889,Canada,0
EONET_3192,53.3917,-97.0056,Canada,0
EONET_3164,48.607222222222,-113.82861111111,United States,0
EONET_3110,44.003055555556,-122.57472222222,United States,0
EONET_3226,44.068333333333,-121.87777777778,United States,0
EONET_3183,44.093888888889,-122.01388888889,United States,0
EONET_3163,42.542222222222,-122.14416666667,United States,0
EONET_3152,37.77505678240512,20.775146484375,Ελλάς,0
EONET_3173,43.400833333333,-122.35638888889,United States,0
EONET_3111,40.209166666667,-123.35083333333,United States,0
EONET_3134,53.86,-97.0814,Canada,0
EONET_3136,49.0267333,-117.3498,Canada,0
EONET_3154,39.09100620078048,-8.671875,Portugal,0
EONET_3108,45.047777777778,-121.305,United States,0
EONET_3116,43.011666666667,-122.58777777778,United States,0
EONET_3093,41.115,-118.08666666667,United States,0
EONET_3107,48.25,-118.58333333333,United States,0
EONET_3267,49.8714667,-115.319,Canada,0
EONET_3095,48.857222222222,-114.85722222222,United States,0
EONET_3275,47.0825,-115.53138888889,United States,0
EONET_3165,41.853055555556,-123.67583333333,United States,0
EONET_3127,57.2739,-97.7367,Canada,0
EONET_3128,54.9411,-101.8789,Canada,0
EONET_3131,56.7631,-94.8122,Canada,0
EONET_3142,39.75371,-120.1397,United States,0
EONET_3133,54.0836,-96.98,Canada,0
EONET_3170,54.0336,-96.8836,Canada,0
EONET_3120,52.8831,-97.2586,Canada,0
EONET_3125,56.4672,-101.6978,Canada,0
EONET_3126,56.5239,-97.8419,Canada,0
EONET_3138,56.3922,-101.1531,Canada,0
EONET_3198,54.1539,-96.2372,Canada,0
EONET_3088,42.706111111111,-112.72472222222,United States,0
EONET_3058,45.554444444444,-115.1325,United States,0
EONET_3137,44.009166666667,-122.17027777778,United States,0
EONET_3115,42.185277777778,-110.71416666667,United States,0
EONET_3124,57.0531,-101.8594,Canada,0
EONET_3184,52.6997,-96.3472,Canada,0
EONET_3069,41.465833333333,-120.32138888889,United States,0
EONET_3062,-17.00014,-61.12499,Bolivia,1
EONET_3076,40.24,19.55,Shqipëria,0
EONET_3070,43.352777777778,-112.86555555556,United States,0
EONET_3112,36.256666666667,-118.29638888889,United States,0
EONET_3251,45.978055555556,-115.10805555556,United States,0
EONET_3085,43.5775,-119.94,United States,0
EONET_3084,44.883055555556,-114.72861111111,United States,0
EONET_3066,41.621111111111,-114.23694444444,United States,0
EONET_3083,45.548333333333,-115.96694444444,United States,0
EONET_3117,37.644444444444,-119.61833333333,United States,0
EONET_3075,67.8602,-51.5026,Kalaallit Nunaat,0
EONET_3158,37.175,-107.37444444444,United States,0
EONET_3064,42.313333333333,-120.98083333333,United States,0
EONET_3216,38.328888888889,-119.78194444444,United States,0
EONET_3050,41.896944444444,-117.39722222222,United States,0
EONET_3018,36.0226,-118.94252,United States,0
EONET_3049,35.531111111111,-118.64777777778,United States,0
EONET_3025,41.255277777778,-115.33333333333,United States,0
EONET_3055,50.02085,-115.75335,Canada,0
EONET_3063,42.980277777778,-122.28166666667,United States,0
EONET_3054,50.3195496,-115.2307129,Canada,0
EONET_3118,45.494444444444,-115.23333333333,United States,0
EONET_3176,55.5061,-99.6625,Canada,0
EONET_3266,50.2129669,-115.347084,Canada,0
EONET_3081,58.92694444,-99.6875,Canada,0
EONET_3094,48.901388888889,-117.0375,United States,0
EONET_3123,58.5911,-100.6756,Canada,0
EONET_3175,55.735,-100.715,Canada,0
EONET_3056,49.5290167,-117.0287167,Canada,0
EONET_3074,37.487226494344384,-3.519287109375,España,0
EONET_3080,58.40888889,-96.83888889,Canada,0
EONET_3104,36.27898699058596,4.94293212890625,Algérie / ⵍⵣⵣⴰⵢⴻⵔ / الجزائر,0
EONET_3250,53.7144,-95.4794,Canada,0
EONET_3013,38.5181,-121.104,United States,0
EONET_3079,53.9325,-96.42361111,Canada,0
EONET_3140,42.94234987312984,-122.22015380859376,United States,0
EONET_3024,41.605,-123.48916666667,United States,0
EONET_3011,38.866582464,-119.602755553,United States,0
EONET_3021,41.701944444444,-123.5075,United States,0
EONET_3048,42.798888888889,-122.32222222222,United States,0
EONET_3059,41.82,-118.66666666667,United States,0
EONET_3029,41.968611111111,-120.93972222222,United States,0
EONET_3053,47.268055555556,-113.48527777778,United States,0
EONET_3068,44.591388888889,-114.69055555556,United States,0
EONET_3033,45.041111111111,-105.73083333333,United States,0
EONET_3057,42.141111111111,-118.62972222222,United States,0
EONET_2984,41.494722222222,-116.76027777778,United States,0
EONET_3012,43.09631953831444,4.9951171875,France,0
EONET_3060,41.5225,-118.76638888889,United States,0
EONET_3065,44.706666666667,-121.85666666667,United States,0
EONET_3045,42.58746644784856,9.438629150390623,France,0
EONET_3210,48.8531333,-120.39855,United States,0
EONET_3186,47.154166666667,-112.50166666667,United States,0
EONET_3023,48.855,-120.41333333333,United States,0
EONET_3078,53.57611111,-97.08888889,Canada,0
EONET_3121,56.8092,-96.5136,Canada,0
EONET_3122,57.0494,-95.6386,Canada,0
EONET_3037,46.649722222222,-113.63527777778,United States,0
EONET_3035,47.318333333333,-107.75805555556,United States,0
EONET_2994,47.323333333333,-108.03472222222,United States,0
EONET_3052,36.59,-112.39,United States,0
EONET_3038,47.042222222222,-112.79694444444,United States,0
EONET_2991,44.439444444444,-109.7225,United States,0
EONET_2985,34.94373,-119.44751,United States,0
EONET_2993,40.705,-112.955,United States,0
EONET_2990,37.611578416,-120.098480611,United States,0
EONET_2989,40.908055555556,-115.77722222222,United States,0
EONET_2981,35.95911,-120.55579,United States,0
EONET_2987,40.705833333333,-117.69972222222,United States,0
EONET_3034,47.273055555556,-113.13833333333,United States,0
EONET_2988,40.173055555556,-112.6325,United States,0
EONET_2986,43.598888888889,-101.53305555556,United States,0
EONET_2977,37.61757,-120.21321,United States,0
EONET_3020,47.036666666667,-114.87888888889,United States,0
EONET_3044,42.39452,18.6278,Crna Gora / Црна Гора,0
EONET_3026,46.675,-114.27,United States,0
EONET_2992,44.997777777778,-115.40083333333,United States,0
EONET_2983,46.035555555556,-116.7175,United States,0
EONET_3032,48.799444444444,-117.26111111111,United States,0
EONET_2971,46.447222222222,-117.25138888889,United States,0
EONET_3027,47.138611111111,-113.77972222222,United States,0
EONET_3009,50.9892833,-115.82975,Canada,0
EONET_3077,57.26694444,-93.69472222,Canada,0
EONET_2982,47.020833333333,-112.69055555556,United States,0
EONET_2972,41.557777777778,-116.44861111111,United States,0
EONET_2973,41.371944444444,-116.87055555556,United States,0
EONET_3067,46.083611111111,-115.03638888889,United States,0
EONET_3030,45.995277777778,-113.57972222222,United States,0
EONET_3051,46.121944444444,-114.91305555556,United States,0
EONET_2974,41.322222222222,-114.84583333333,United States,0
EONET_3036,46.446666666667,-113.68861111111,United States,0
EONET_3022,46.5875,-113.58444444444,United States,0
EONET_3031,46.048888888889,-113.64666666667,United States,0
EONET_2963,57.3655,-100.3297,Canada,0
EONET_3017,52.6501999,-123.338768,Canada,0
EONET_3168,50.6368667,-117.79145,Canada,0
EONET_3028,42.296666666667,-123.95361111111,United States,0
EONET_2978,39.175555555556,-118.14,United States,0
EONET_2962,55.9225,-93.8172,Canada,0
EONET_2951,31.901944444444,-109.43583333333,United States,0
EONET_2932,40.073333333333,-120.145,United States,0
EONET_2968,34.832222222222,-112.87333333333,United States,0
EONET_3298,36.325,-106.70583333333,United States,0
EONET_3089,46.381111111111,-114.50888888889,United States,0
EONET_2949,47.409166666667,-107.81138888889,United States,0
EONET_2958,40.82212357516945,14.41131591796875,Italia,0
EONET_2975,53.0287833,-124.3692,Canada,0
EONET_3098,53.2276333,-124.03775,Canada,0
EONET_2928,40.941111111111,-116.78666666667,United States,0
EONET_2927,35.93273,-120.20014,United States,0
EONET_2933,45.301666666667,-106.53305555556,United States,0
EONET_2918,39.454851021,-121.411348316,United States,0
EONET_2919,32.9300493,-110.736903955,United States,0
EONET_2925,35.86949,-120.57894,United States,0
EONET_2930,40.996666666667,-115.42888888889,United States,0
EONET_2923,41.100833333333,-115.27888888889,United States,0
EONET_2956,47.318333333333,-103.82638888889,United States,0
EONET_2921,34.566944444444,-119.9525,United States,0
EONET_2922,43.013055555556,-120.77111111111,United States,0
EONET_2946,52.36795,-125.7817667,Canada,0
EONET_3087,53.3981667,-124.9045334,Canada,0
EONET_3097,52.45015,-121.76055,Canada,0
EONET_3119,51.944,-123.1686333,Canada,0
EONET_2916,32.921666666667,-110.72888888889,United States,0
EONET_2929,39.410833333333,-117.895,United States,0
EONET_2931,40.312222222222,-114.31944444444,United States,0
EONET_2920,34.148333333333,-111.96333333333,United States,0
EONET_2924,39.45352,-121.41222,United States,0
EONET_2936,52.86705,-122.3718333,Canada,0
EONET_2937,54.1640663,-124.5565338,Canada,0
EONET_2938,49.5722333,-120.57865,Canada,0
EONET_2939,52.1332167,-122.0039667,Canada,0
EONET_2940,52.2086333,-122.05525,Canada,0
EONET_2941,52.1764167,-121.8334333,Canada,0
EONET_2942,52.227951,-122.3403702,Canada,0
EONET_2944,53.2634163,-124.7088013,Canada,0
EONET_2945,51.43525,-120.15815,Canada,0
EONET_2954,51.9608333,-125.0159833,Canada,0
EONET_2955,51.3971,-120.2542,Canada,0
EONET_2965,52.5034,-123.08475,Canada,0
EONET_2966,52.4322667,-122.5596167,Canada,0
EONET_2967,52.4804,-122.58685,Canada,0
EONET_2970,52.2616,-122.0712833,Canada,0
EONET_2976,51.46915,-120.1566167,Canada,0
EONET_3014,52.8108167,-124.02195,Canada,0
EONET_3015,52.9840333,-124.14305,Canada,0
EONET_3082,52.397934,-124.0267639,Canada,0
EONET_3086,53.5001335,-125.1123199,Canada,0
EONET_2926,35.0179,-120.3223,United States,0
EONET_2908,51.6537833,-121.3975167,Canada,0
EONET_2909,38.49521,-122.0251,United States,0
EONET_2910,35.59904,-119.08312,United States,0
EONET_2943,50.70135,-121.3001333,Canada,0
EONET_2901,32.213888888889,-109.48388888889,United States,0
EONET_3236,45.581111111111,-121.85222222222,United States,0
EONET_2897,41.715555555556,-114.19722222222,United States,0
EONET_2904,39.338333333333,-117.04305555556,United States,0
EONET_2895,40.334722222222,-118.27138888889,United States,0
EONET_2896,47.908333333333,-108.54805555556,United States,0
EONET_2900,41.174166666667,-106.29444444444,United States,0
EONET_2913,37.71044257039145,-6.645355224609375,España,0
EONET_2917,39.878888888889,-106.48277777778,United States,0
EONET_2894,46.546388888889,-119.88583333333,United States,0
EONET_2907,36.269125,-120.620791,United States,0
EONET_2947,53.4902153,-124.5113678,Canada,0
EONET_2892,32.374722222222,-110.63277777778,United States,0
EONET_2906,35.38298,-118.80123,United States,0
EONET_2865,46.717253405,-120.600823929,United States,0
EONET_2912,39.791654835253446,-0.50537109375,España,0
EONET_2905,38.4675,-109.34222222222,United States,0
EONET_2903,40.793611111111,-108.83444444444,United States,0
EONET_2866,31.680555555556,-109.52388888889,United States,0
EONET_2890,33.685,-106.99694444444,United States,0
EONET_2864,40.585555555556,-116.11861111111,United States,0
EONET_2862,47.3425,-120.16638888889,United States,0
EONET_2885,33.530045,-116.594422,United States,0
EONET_2886,35.4025,-120.4992,United States,0
EONET_2961,56.7691,-96.8705,Canada,0
EONET_2863,31.5375,-111.34916666667,United States,0
EONET_2950,41.434722222222,-123.16222222222,United States,0
EONET_2867,31.725277777778,-111.28972222222,United States,0
EONET_2893,33.634444444444,-110.37527777778,United States,0
EONET_2884,36.099166666667,-118.41166666667,United States,0
EONET_2859,34.3575,-112.37305555556,United States,0
EONET_2858,31.589166666667,-109.4275,United States,0
EONET_2860,37.100098265217184,-6.5863037109375,España,0
EONET_2849,33.767777777778,-112.12861111111,United States,0
EONET_2856,33.514166666667,-108.46277777778,United States,0
EONET_2855,32.5125,-109.84138888889,United States,0
EONET_2848,31.653333333333,-110.64583333333,United States,0
EONET_2847,40.488888888889,-115.72555555556,United States,0
EONET_2845,34.299444444444,-116.81583333333,United States,0
EONET_2843,34.150833333333,-112.1625,United States,0
EONET_2840,35.57,-118.58027777778,United States,0
EONET_2839,39.962105286,-8.172507452,Portugal,0
EONET_2846,37.717777777778,-112.83666666667,United States,0
EONET_2841,60.596388888889,-150.52111111111,United States,0
EONET_2837,35.825,-106.57277777778,United States,0
EONET_2833,31.432777777778,-110.69527777778,United States,0
EONET_2829,40.153055555556,-108.815,United States,0
EONET_2825,39.778888888889,-108.30916666667,United States,0
EONET_2822,37.0825,-119.8011,United States,0
EONET_2826,34.396666666667,-111.21833333333,United States,0
EONET_2852,49.592330330091855,85.72265625,Россия,0
EONET_2830,33.234166666667,-108.36888888889,United States,0
EONET_2831,33.413333333333,-108.62833333333,United States,0
EONET_2818,32.142222222222,-110.46027777778,United States,0
EONET_2838,32.735277777778,-109.87166666667,United States,0
EONET_2811,32.155277777778,-109.4275,United States,0
EONET_2820,32.001388888889,-110.00083333333,United States,0
EONET_2809,31.722777777778,-110.54611111111,United States,0
EONET_2824,31.770555555556,-109.32277777778,United States,0
EONET_2832,33.43,-108.56805555556,United States,0
EONET_2815,-34.412178703520304,21.595458984375,South Africa,1
EONET_2828,33.319166666667,-107.90361111111,United States,0
EONET_2819,33.1775,-108.12388888889,United States,0
EONET_2827,36.613055555556,-106.19861111111,United States,0
EONET_2812,34.446388888889,-111.23027777778,United States,0
EONET_2810,35.431666666667,-111.83138888889,United States,0
EONET_2808,34.425833333333,-110.84222222222,United States,0
EONET_2817,33.566944444444,-109.6175,United States,0
EONET_2834,56.46283,96.931254,Россия,0
EONET_2960,54.171,-93.538,Canada,0
EONET_2802,52.9758682,-119.3403168,Canada,0
EONET_2796,32.65597,-116.80527,United States,0
EONET_2797,34.602222222222,-111.45722222222,United States,0
EONET_2793,36.12089,-120.37116,United States,0
EONET_2795,36.587222222222,-106.02222222222,United States,0
EONET_2798,34.181111111111,-108.40444444444,United States,0
EONET_2806,33.516388888889,-109.9575,United States,0
EONET_2794,33.281388888889,-110.80638888889,United States,0
EONET_2787,31.963055555556,-110.67388888889,United States,0
EONET_2785,28.804722222222,-80.835555555556,United States,0
EONET_2780,32.54218257955071,-110.30548095703124,United States,0
EONET_2786,33.8025,-108.47416666667,United States,0
EONET_2775,31.782222222222,-110.84222222222,United States,0
EONET_2774,28.675,-80.742222222222,United States,0
EONET_2772,36.07228,-120.26561,United States,0
EONET_2767,14.11507,-87.10995,Honduras,0
EONET_2770,37.935277777778,-79.458888888889,United States,0
EONET_2768,35.807777777778,-82.002777777778,United States,0
EONET_2766,30.574444444444,-82.323333333333,United States,0
EONET_2765,26.220833333333,-80.977777777778,United States,0
EONET_2753,25.811450272310573,-81.26953125,United States,0
EONET_2747,-33.07198,-71.5313,Chile,1
EONET_2740,36.093055555556,-100.53472222222,United States,0
EONET_2743,36.441111111111,-100.17527777778,United States,0
EONET_2732,33.8,-108.33944444444,United States,0
EONET_2723,-43.57374,172.39749,New Zealand / Aotearoa,1
EONET_2722,-32.297351369,149.855134403,Australia,1
EONET_2706,26.982222222222,-98.136666666667,United States,0
EONET_2705,-37.1829140129405,-73.095703125,Chile,1
EONET_2697,-40.55205302872041,-65.77880859375,Argentina,1
EONET_2687,-38.8,-62.3,Argentina,1
EONET_2683,-34.96097849295818,116.57501220703124,Australia,1
EONET_2682,-32.37607681794314,125.723876953125,Australia,1
EONET_2673,35.630833333333,-83.477777777778,United States,0
EONET_2671,35.164722222222,-83.541111111111,United States,0
EONET_2666,35.705,-82.101388888889,United States,0
EONET_2667,37.751944444444,-79.183888888889,United States,0
EONET_2677,31.657296804720676,34.757080078125,ישראל,0
EONET_2668,35.026944444444,-82.743055555556,United States,0
EONET_2660,34.941944444444,-83.548888888889,United States,0
EONET_2659,35.608055555556,-81.635833333333,United States,0
EONET_2649,35.302777777778,-83.652777777778,United States,0
EONET_2657,35.45,-82.2,United States,0
EONET_2647,35.397777777778,-83.908333333333,United States,0
EONET_2648,35.372777777778,-83.897222222222,United States,0
EONET_2646,35.273888888889,-83.559722222222,United States,0
EONET_2650,35.108055555556,-83.536111111111,United States,0
EONET_2662,36.251388888889,-118.63583333333,United States,0
EONET_2661,35.983611111111,-118.55111111111,United States,0
EONET_2645,35.058611111111,-83.653611111111,United States,0
EONET_2638,36.217222222222,-118.55055555556,United States,0
EONET_2629,38.119722222222,-105.24361111111,United States,0
EONET_2628,37.563611111111,-113.08638888889,United States,0
EONET_2644,34.896944444444,-84.564166666667,United States,0
EONET_2627,39.257777777778,-119.88055555556,United States,0
EONET_2623,36.918611111111,-119.23527777778,United States,0
EONET_2641,36.083055555556,-118.57666666667,United States,0
EONET_2614,38.056666666667,-104.98861111111,United States,0
EONET_2618,37.79635,-120.32484,United States,0
EONET_2619,37.10632,-121.85318,United States,0
EONET_2617,38.80017,-122.82895,United States,0
EONET_2597,37.78,-118.92083333333,United States,0
EONET_2599,41.296388888889,-120.30611111111,United States,0
EONET_2598,34.63445,-120.54421,United States,0
EONET_2606,34.237777777778,-110.30972222222,United States,0
EONET_2603,34.299722222222,-110.89916666667,United States,0
EONET_2586,40.3915,-120.7845,United States,0
EONET_2604,33.905277777778,-111.41666666667,United States,0
EONET_2594,46.911111111111,-120.95027777778,United States,0
EONET_2584,41.034166666667,-107.09583333333,United States,0
EONET_2588,40.57156149245356,24.5233154296875,Ελλάς,0
EONET_2585,39.417777777778,-111.30583333333,United States,0
EONET_2579,-15.834074068985554,128.71902465820312,Australia,1
EONET_2600,34.427777777778,-110.83083333333,United States,0
EONET_2576,40.017777777778,-112.60722222222,United States,0
EONET_2575,42.177222222222,-113.615,United States,0
EONET_2574,40.953888888889,-116.19222222222,United States,0
EONET_2610,34.463888888889,-111.20583333333,United States,0
EONET_2568,41.850833333333,-123.11833333333,United States,0
EONET_2570,44.578611111111,-110.58583333333,United States,0
EONET_2554,43.555555555556,-111.24833333333,United States,0
EONET_2552,41.994444444444,-111.57305555556,United States,0
EONET_2548,47.474444444444,-117.34694444444,United States,0
EONET_2551,47.789444444444,-118.18194444444,United States,0
EONET_2555,47.789444444444,-118.18194444444,United States,0
EONET_2544,43.559444444444,-117.3125,United States,0
EONET_2549,43.373611111111,-111.94722222222,United States,0
EONET_2540,34.546388888889,-119.805,United States,0
EONET_2541,45.448055555556,-116.30944444444,United States,0
EONET_2542,42.723055555556,-120.62333333333,United States,0
EONET_2534,40.693055555556,-117.89888888889,United States,0
EONET_2529,35.744166666667,-118.57611111111,United States,0
EONET_2524,34.258888888889,-117.46111111111,United States,0
EONET_2573,46.225,-114.7,United States,0
EONET_2522,34.410277777778,-97.16,United States,0
EONET_2582,41.041666666667,-106.76222222222,United States,0
EONET_2557,35.70595,-120.98316,United States,0
EONET_2558,38.89741,-122.60664,United States,0
EONET_2587,44.968,-110.356,United States,0
EONET_2513,-17.33,128.19,Australia,1
EONET_2510,44.856111111111,-109.68027777778,United States,0
EONET_2535,38.34,-112.46861111111,United States,0
EONET_2504,36.09974,-120.51057,United States,0
EONET_2520,44.743055555556,-110.97805555556,United States,0
EONET_2511,43.893611111111,-108.98111111111,United States,0
EONET_2500,43.835833333333,-117.90805555556,United States,0
EONET_2581,39.869166666667,-107.46472222222,United States,0
EONET_2501,39.966111111111,-115.62583333333,United States,0
EONET_2512,39.047777777778,-114.30611111111,United States,0
EONET_2508,32.61780432557308,-17.197265625,Portugal,0
EONET_2490,34.288055555556,-117.25055555556,United States,0
EONET_2502,44.261388888889,-115.43166666667,United States,0
EONET_2850,44.261388888889,-115.43166666667,United States,0
EONET_2492,39.746666666667,-119.94777777778,United States,0
EONET_2493,44.275,-115.03944444444,United States,0
EONET_2498,40.5005901138568,-8.84765625,Portugal,0
EONET_2528,44.925833333333,-110.93833333333,United States,0
EONET_2491,37.782222222222,-118.91888888889,United States,0
EONET_2484,38.52513,-122.06788,United States,0
EONET_2496,28.535489636488663,-17.9278564453125,España,0
EONET_2488,44.439444444444,-109.42666666667,United States,0
EONET_2482,46.591388888889,-117.36472222222,United States,0
EONET_2483,48.156666666667,-118.26472222222,United States,0
EONET_2480,47.600277777778,-115.18472222222,United States,0
EONET_2475,44.405,-118.47361111111,United States,0
EONET_2471,46.193333333333,-114.26027777778,United States,0
EONET_2478,45.881388888889,-107.40166666667,United States,0
EONET_2474,46.599166666667,-120.20305555556,United States,0
EONET_2472,40.801388888889,-119.64361111111,United States,0
EONET_2503,37.01591,-119.50507,United States,0
EONET_2469,39.9475,-119.72416666667,United States,0
EONET_2465,39.865,-119.90166666667,United States,0
EONET_2473,40.714722222222,-111.07361111111,United States,0
EONET_2468,41.045555555556,-110.59388888889,United States,0
EONET_2487,42.923888888889,-122.21222222222,United States,0
EONET_2521,34.629444444444,-111.27972222222,United States,0
EONET_2460,43.501666666667,-102.94694444444,United States,0
EONET_2550,45.233333333333,-114.56666666667,United States,0
EONET_2547,44.020555555556,-110.78583333333,United States,0
EONET_2459,33.554444444444,-105.08972222222,United States,0
EONET_2458,39.175277777778,-112.18083333333,United States,0
EONET_2523,39.049722222222,-111.57805555556,United States,0
EONET_2450,34.431666666667,-118.42638888889,United States,0
EONET_2454,44.076388888889,-107.33111111111,United States,0
EONET_2461,35.926944444444,-112.03722222222,United States,0
EONET_2455,36.45994,-121.89938,United States,0
EONET_2543,48.112222222222,-120.89416666667,United States,0
EONET_2451,39.476944444444,-115.85916666667,United States,0
EONET_2466,34.181666666667,-109.86027777778,United States,0
EONET_2452,39.315,-117.80444444444,United States,0
EONET_2536,34.497222222222,-111.24666666667,United States,0
EONET_2462,34.356666666667,-110.60472222222,United States,0
EONET_2445,43.563611111111,-116.03777777778,United States,0
EONET_2447,43.950277777778,-115.76166666667,United States,0
EONET_2778,43.950277777778,-115.76194444444,United States,0
EONET_2479,46.347777777778,-114.69333333333,United States,0
EONET_2442,43.239166666667,-110.49111111111,United States,0
EONET_2565,59.8014,-129.3486,Canada,0
EONET_2443,61.293888888889,-143.25083333333,United States,0
EONET_2444,43.642222222222,-109.96833333333,United States,0
EONET_2415,33.440833333333,-108.57027777778,United States,0
EONET_483,45.183333333333,-106.6,United States,0
EONET_482,38.292222222222,-105.83305555556,United States,0
EONET_2416,33.431111111111,-108.11666666667,United States,0
EONET_481,34.925833333333,-113.2625,United States,0
EONET_479,29.083888888889,-81.39,United States,0
EONET_472,44.374722222222,-115.51472222222,United States,0
EONET_470,41.022222222222,-116.92083333333,United States,0
EONET_471,51.05119274780004,99.609375,Монгол улс ᠮᠤᠩᠭᠤᠯ ᠤᠯᠤᠰ,0
EONET_465,34.630833333333,-119.23027777778,United States,0
EONET_485,36.2525,-112.01805555556,United States,0
EONET_2700,36.2525,-112.01805555556,United States,0
EONET_2440,40.116666666667,-108.31666666667,United States,0
EONET_462,38.969166666667,-120.85361111111,United States,0
EONET_460,34.294722222222,-112.12388888889,United States,0
EONET_463,39.788333333333,-117.53416666667,United States,0
EONET_478,35.933888888889,-111.90305555556,United States,0
EONET_454,44.383333333333,-104.71666666667,United States,0
EONET_461,44.477222222222,-103.97333333333,United States,0
EONET_466,46.116111111111,-114.27083333333,United States,0
EONET_451,35.616944444444,-118.4525,United States,0
EONET_458,33.163611111111,-109.15833333333,United States,0
EONET_459,33.342777777778,-109.08861111111,United States,0
EONET_453,44.25,-104.48333333333,United States,0
EONET_444,34.1825,-117.86916666667,United States,0
EONET_446,34.168333333333,-117.89972222222,United States,0
EONET_445,40.953333333333,-106.62472222222,United States,0
EONET_448,34.83336227887422,32.80426025390625,Κύπρος - Kıbrıs,0
EONET_443,45.248055555556,-106.62388888889,United States,0
EONET_441,31.777777777778,-111.56361111111,United States,0
EONET_440,34.222222222222,-109.48555555556,United States,0
EONET_438,34.055277777778,-110.18388888889,United States,0
EONET_436,34.887777777778,-120.09388888889,United States,0
EONET_464,38.563055555556,-108.50638888889,United States,0
EONET_439,34.811111111111,-106.37472222222,United States,0
EONET_452,37.361944444444,-113.55277777778,United States,0
EONET_442,36.366388888889,-111.98666666667,United States,0
EONET_433,39.785833333333,-112.35805555556,United States,0
EONET_431,34.211111111111,-112.74527777778,United States,0
EONET_432,44.488333333333,-121.48111111111,United States,0
EONET_430,41.623333333333,-123.55666666667,United States,0
EONET_429,31.615277777778,-110.56444444444,United States,0
EONET_428,42.468611111111,-117.36361111111,United States,0
EONET_437,33.149166666667,-108.32583333333,United States,0
EONET_425,36.1125,-121.28944444444,United States,0
EONET_420,35.840833333333,-118.04083333333,United States,0
EONET_419,31.431388888889,-111.21833333333,United States,0
EONET_426,35.551944444444,-111.93555555556,United States,0
EONET_406,33.787777777778,-107.42527777778,United States,0
EONET_417,33.870277777778,-108.79222222222,United States,0
EONET_424,34.76,-111.4,United States,0
EONET_404,47.895277777778,-92.083055555556,United States,0
EONET_409,34.49,-111.4,United States,0
EONET_405,35.046388888889,-111.68361111111,United States,0
EONET_407,33.923055555556,-110.92361111111,United States,0
EONET_403,31.329444444444,-111.11388888889,México,0
EONET_408,34.947222222222,-111.53583333333,United States,0
EONET_398,31.381666666667,-109.42361111111,United States,0
EONET_393,31.979444444444,-104.90333333333,United States,0
EONET_392,47.515,-92.096666666667,United States,0
EONET_394,33.248611111111,-108.42555555556,United States,0
EONET_391,31.472222222222,-111.45,United States,0
EONET_387,56.54385130762501,-111.6796875,Canada,0
EONET_382,35.890277777778,-82.808055555556,United States,0
EONET_381,33.9975,-78.187222222222,United States,0
EONET_388,56.10305,-121.9992833,Canada,0
EONET_395,56.257,-121.6324667,Canada,0
EONET_378,35.639166666667,-75.907777777778,United States,0
EONET_380,36.216666666667,-82.109722222222,United States,0
EONET_389,56.52315,-120.43345,Canada,0
EONET_396,56.5937004,-121.1950836,Canada,0
EONET_376,38.0603639807185,-78.907470703125,United States,0
EONET_366,25.398611111111,-80.662222222222,United States,0
EONET_363,34.760555555556,-114.52416666667,United States,0
EONET_362,35.874166666667,-83.1675,United States,0
EONET_370,8.26225285835533,-78.0615234375,Panamá,0
EONET_385,26.01155805466736,80.09765625,India,0
EONET_355,36.84814168067221,-99.3365478515625,United States,0
EONET_352,31.404444444444,-109.08027777778,United States,0
EONET_347,31.391944444444,-108.97638888889,United States,0
EONET_349,14.109073582704385,98.785400390625,မြန်မာ,0
EONET_343,30.388055555556,-88.44,United States,0
EONET_335,31.608333333333,-111.32388888889,United States,0
EONET_334,29.3,-103.18333333333,United States,0
EONET_273,-30.947757580246986,115.155029296875,Australia,1
EONET_262,-33.179687010414376,115.8416748046875,Australia,1
EONET_253,34.30555507725583,-119.3701171875,United States,0
EONET_235,-34.20345525625918,121.12060546875,Missing Data,1
EONET_218,44.659722222222,-112.03305555556,United States,0
EONET_215,45.747777777778,-100.63,United States,0
EONET_216,46.371111111111,-100.65583333333,United States,0
EONET_217,46.405,-100.61277777778,United States,0
EONET_214,43.786944444444,-115.98527777778,United States,0
EONET_211,45.17753504022387,47.138671875,Россия,0
EONET_200,46.821666666667,-121.07055555556,United States,0
EONET_194,44.79728227809567,-117.30537414550776,United States,0
EONET_197,38.69553142468425,-122.76763916015624,United States,0
EONET_190,38.33435781933695,-120.67766189575195,United States,0
EONET_192,44.578055555556,-110.59111111111,United States,0
EONET_177,46.358055555556,-117.69527777778,United States,0
EONET_161,44.456388888889,-114.52444444444,United States,0
EONET_183,47.492222222222,-112.90111111111,United States,0
EONET_168,46.200833333333,-114.90611111111,United States,0
EONET_155,45.518888888889,-113.23555555556,United States,0
EONET_157,31.883333333333,-110.7,United States,0
EONET_187,48.11417015181168,-115.85929870605467,United States,0
EONET_151,46.467222222222,-116.23944444444,United States,0
EONET_167,46.928611111111,-115.45944444444,United States,0
EONET_160,46.498611111111,-114.7575,United States,0
EONET_191,47.045555555556,-115.63305555556,United States,0
EONET_166,45.666666666667,-115.33333333333,United States,0
EONET_138,35.3225,-120.62416666667,United States,0
EONET_128,48.736666666667,-114.86722222222,United States,0
EONET_164,46.339166666667,-115.16583333333,United States,0
EONET_130,48.518611111111,-119.66222222222,United States,0
EONET_144,47.999722222222,-118.15944444444,United States,0
EONET_156,48.631944444444,-118.01583333333,United States,0
EONET_120,45.086111111111,-112.47861111111,United States,0
EONET_178,48.526111111111,-119.46305555556,United States,0
EONET_112,34.251111111111,-117.84722222222,United States,0
EONET_125,48.051388888889,-120.11333333333,United States,0
EONET_113,46.055277777778,-111.44222222222,United States,0
EONET_132,44.821388888889,-115.91777777778,United States,0
EONET_111,44.327222222222,-118.10166666667,United States,0
EONET_129,47.813611111111,-120.03888888889,United States,0
EONET_116,37.877777777778,-119.15888888889,United States,0
EONET_145,48.383611111111,-117.89194444444,United States,0
EONET_146,46.4225,-115.60166666667,United States,0
EONET_169,46.872777777778,-114.84944444444,United States,0
EONET_121,48.008333333333,-116.16166666667,United States,0
EONET_150,46.099722222222,-115.44583333333,United States,0
EONET_152,46.078055555556,-115.40555555556,United States,0
EONET_131,45.484444444444,-115.32277777778,United States,0
EONET_159,44.609166666667,-115.72916666667,United States,0
EONET_118,48.338055555556,-119.00166666667,United States,0
EONET_170,48.171666666667,-113.05638888889,United States,0
EONET_133,31.481666666667,-93.016388888889,United States,0
EONET_114,46.222777777778,-116.13333333333,United States,0
EONET_115,48.937777777778,-119.30916666667,United States,0
EONET_149,46.110277777778,-117.67916666667,United States,0
EONET_124,48.182222222222,-116.06333333333,United States,0
EONET_165,47.839722222222,-113.59305555556,United States,0
EONET_122,44.83,-121.37666666667,United States,0
EONET_158,47.946666666667,-113.42916666667,United States,0
EONET_140,47.839722222222,-113.59305555556,United States,0
EONET_108,45.208333333333,-116.24833333333,United States,0
EONET_106,46.344722222222,-116.43361111111,United States,0
EONET_119,44.284444444444,-118.96138888889,United States,0
EONET_127,45.0035049617238,-117.43274688720696,United States,0
EONET_201,45.1,-114.7,United States,0
EONET_143,47.190277777778,-116.03083333333,United States,0
EONET_105,48.756388888889,-118.46138888889,United States,0
EONET_179,47.253055555556,-115.9175,United States,0
EONET_110,44.555,-117.64305555556,United States,0
EONET_117,43.989166666667,-118.06138888889,United States,0
EONET_109,48.749722222222,-114.81611111111,United States,0
EONET_139,48.756388888889,-118.46138888889,United States,0
EONET_123,48.426388888889,-117.13722222222,United States,0
EONET_195,48.424444444444,-117.13861111111,United States,0
EONET_162,45.926111111111,-115.71444444444,United States,0
EONET_163,45.926111111111,-115.71444444444,United States,0
EONET_102,46.133888888889,-121.37361111111,United States,0
EONET_101,46.226944444444,-116.13611111111,United States,0
EONET_99,44.508888888889,-117.88138888889,United States,0
EONET_171,46.222777777778,-116.13333333333,United States,0
EONET_73,43.1225,-116.95722222222,United States,0
EONET_126,47.009850567858514,-112.65403747558594,United States,0
EONET_148,47.733611111111,-116.13083333333,United States,0
EONET_153,48.685,-121.25555555556,United States,0
EONET_74,48.550833333333,-113.6125,United States,0
EONET_89,34.81,-114.54194444444,United States,0
EONET_94,45.717222222222,-120.31527777778,United States,0
EONET_88,40.937777777778,-120.10472222222,United States,0
EONET_78,42.362222222222,-124.10722222222,United States,0
EONET_84,45.608055555556,-118.06111111111,United States,0
EONET_97,43.038333333333,-122.27833333333,United States,0
EONET_92,41.468611111111,-123.75194444444,United States,0
EONET_90,41.846111111111,-123.96944444444,United States,0
EONET_82,36.873611111111,-118.90472222222,United States,0
EONET_98,34.526388888889,-111.20611111111,United States,0
EONET_79,40.912777777778,-123.43666666667,United States,0
EONET_85,40.4525,-123.12777777778,United States,0
EONET_77,40.641666666667,-123.58611111111,United States,0
EONET_83,41.398888888889,-121.39222222222,United States,0
EONET_76,40.335,-123.38333333333,United States,0
EONET_86,40.619722222222,-123.44777777778,United States,0
EONET_68,42.91781502115133,-123.05431365966795,United States,0
EONET_107,48.906944444444,-116.53388888889,United States,0
EONET_72,38.8529161032964,-122.56507873535156,United States,0
EONET_100,43.320833333333,-122.95972222222,United States,0
EONET_66,37.27662021749767,-119.50847625732422,United States,0
EONET_67,39.17582530101178,-120.89550018310548,United States,0
EONET_62,48.63231814509437,-113.62701416015624,United States,0
EONET_61,46.06439304719508,-118.12179565429688,United States,0
EONET_93,38.886388888889,-112.16333333333,United States,0
EONET_81,36.245555555556,-118.54722222222,United States,0
EONET_248,34.339444444444,-117.47777777778,United States,0
EONET_80,35.786388888889,-81.990277777778,United States,0
EONET_95,36.376388888889,-113.18666666667,United States,0
EONET_60,44.97582466421903,-106.1480712890625,United States,0
EONET_65,-12.013331359191431,129.99755859375,Australia,1
EONET_58,26.528765898358103,-80.45516967773443,United States,0
EONET_48,47.98697946333924,-116.53396606445312,United States,0
EONET_141,36.496666666667,-112.35138888889,United States,0
EONET_47,47.872879879774864,-117.80426025390624,United States,0
EONET_45,48.989498683553904,-119.94247436523438,United States,0
EONET_46,48.39027467063767,-118.75457763671876,United States,0
EONET_49,47.44229879706998,-108.11431884765624,United States,0
EONET_91,35.110555555556,-112.15361111111,United States,0
EONET_75,48.226111111111,-120.66388888889,United States,0
EONET_43,44.30301522513692,-119.61425781250006,United States,0
EONET_41,47.467370451243696,-120.43685913085947,United States,0
EONET_40,55.97748575251253,-115.17578125,Canada,0
EONET_44,25.98742658107305,-81.0000610351562,United States,0
EONET_32,65.1930283848678,-148.3135986328125,United States,0
EONET_96,63.186388888889,-142.95888888889,United States,0
EONET_31,64.14224385522003,-149.4091796875,United States,0
EONET_33,65.01928956761577,-152.5787353515625,United States,0
EONET_34,64.96675166940913,-146.8218994140625,United States,0
EONET_37,64.2092447191892,-147.288818359375,United States,0
EONET_50,62.8731840092702,-142.861328125,United States,0
EONET_29,38.57801604576036,-119.77218627929688,United States,0
EONET_53,65.05638113512845,-151.78222656250006,United States,0
EONET_54,64.87390554866823,-152.5100708007813,United States,0
EONET_24,33.04182278536318,-110.92613220214844,United States,0
EONET_25,34.159529979074634,-116.89505577087402,United States,0
EONET_28,63.887127257205535,-144.9267578125,United States,0
EONET_35,33.12926994570563,-108.1719970703125,United States,0
EONET_39,49.58649869105589,93.212890625,Монгол улс ᠮᠤᠩᠭᠤᠯ ᠤᠯᠤᠰ,0
EONET_27,60.45437295475556,-150.69320678710943,United States,0
EONET_36,33.72639430097322,-107.49908447265624,United States,0
EONET_23,61.7359472951922,-150.16860961914062,United States,0
EONET_22,42.03480920752599,-123.88931274414062,United States,0
EONET_19,62.41187284042703,-141.76681518554693,United States,0
EONET_20,40.69045172249166,-123.5415267944336,United States,0
EONET_6,31.45192011320109,-109.04777526855456,United States,0
EONET_11,-14.802302314748188,128.96484375,Australia,1
EONET_12,-22.771940354393376,149.827880859375,Australia,1
EONET_21,-14.640992214408566,22.109375,Zambia,1
EONET_10,57.876420573187154,-127.5,Canada,0
EONET_4,31.808727969741746,-110.70819854736328,United States,0
EONET_87,47.703611111111,-123.80055555556,United States,0
EONET_3,25.96218030801014,-81.16790771484375,United States,0
EONET_180,41.796388888889,-123.37416666667,United States,0
EONET_2515,-10.46,-57.86,Brasil,1
EONET_2516,-9.16,-61.73,Brasil,1
EONET_2514,-9.39,-59.25,Brasil,1
EONET_2517,-12.26,-56.63,Brasil,1
